# ************************************************************
# Sequel Pro SQL dump
# Version 4541
#
# http://www.sequelpro.com/
# https://github.com/sequelpro/sequelpro
#
# Host: 127.0.0.1 (MySQL 5.7.25)
# Database: database_VACI
# Generation Time: 2019-09-05 14:39:54 +0000
# ************************************************************


/*!40101 SET @OLD_CHARACTER_SET_CLIENT=@@CHARACTER_SET_CLIENT */;
/*!40101 SET @OLD_CHARACTER_SET_RESULTS=@@CHARACTER_SET_RESULTS */;
/*!40101 SET @OLD_COLLATION_CONNECTION=@@COLLATION_CONNECTION */;
/*!40101 SET NAMES utf8 */;
/*!40014 SET @OLD_FOREIGN_KEY_CHECKS=@@FOREIGN_KEY_CHECKS, FOREIGN_KEY_CHECKS=0 */;
/*!40101 SET @OLD_SQL_MODE=@@SQL_MODE, SQL_MODE='NO_AUTO_VALUE_ON_ZERO' */;
/*!40111 SET @OLD_SQL_NOTES=@@SQL_NOTES, SQL_NOTES=0 */;


# Dump of table application_form_descriptions
# ------------------------------------------------------------

DROP TABLE IF EXISTS `application_form_descriptions`;

CREATE TABLE `application_form_descriptions` (
  `application_form_id` int(10) unsigned NOT NULL,
  `language_id` int(10) unsigned NOT NULL,
  `name` varchar(255) COLLATE utf8_unicode_ci NOT NULL,
  `description` varchar(255) COLLATE utf8_unicode_ci NOT NULL
) ENGINE=InnoDB DEFAULT CHARSET=utf8 COLLATE=utf8_unicode_ci;

LOCK TABLES `application_form_descriptions` WRITE;
/*!40000 ALTER TABLE `application_form_descriptions` DISABLE KEYS */;

INSERT INTO `application_form_descriptions` (`application_form_id`, `language_id`, `name`, `description`)
VALUES
	(1,1,'Công nhận năng lực phòng thí nghiệm y tế','ádasdas'),
	(1,2,'sadsad','ádas');

/*!40000 ALTER TABLE `application_form_descriptions` ENABLE KEYS */;
UNLOCK TABLES;


# Dump of table applications_form
# ------------------------------------------------------------

DROP TABLE IF EXISTS `applications_form`;

CREATE TABLE `applications_form` (
  `application_form_id` int(10) unsigned NOT NULL AUTO_INCREMENT,
  `link` text COLLATE utf8_unicode_ci,
  `sort_order` int(10) unsigned NOT NULL,
  `status` tinyint(3) unsigned NOT NULL,
  `product_id` int(10) unsigned NOT NULL,
  `created_at` timestamp NULL DEFAULT NULL,
  `updated_at` timestamp NULL DEFAULT NULL,
  PRIMARY KEY (`application_form_id`)
) ENGINE=InnoDB DEFAULT CHARSET=utf8 COLLATE=utf8_unicode_ci;

LOCK TABLES `applications_form` WRITE;
/*!40000 ALTER TABLE `applications_form` DISABLE KEYS */;

INSERT INTO `applications_form` (`application_form_id`, `link`, `sort_order`, `status`, `product_id`, `created_at`, `updated_at`)
VALUES
	(1,NULL,1,0,1,'2019-08-13 03:49:51','2019-08-13 03:49:51');

/*!40000 ALTER TABLE `applications_form` ENABLE KEYS */;
UNLOCK TABLES;


# Dump of table blog_categories
# ------------------------------------------------------------

DROP TABLE IF EXISTS `blog_categories`;

CREATE TABLE `blog_categories` (
  `blog_category_id` int(10) unsigned NOT NULL AUTO_INCREMENT,
  `sort_order` int(10) unsigned NOT NULL,
  PRIMARY KEY (`blog_category_id`)
) ENGINE=InnoDB DEFAULT CHARSET=utf8 COLLATE=utf8_unicode_ci;

LOCK TABLES `blog_categories` WRITE;
/*!40000 ALTER TABLE `blog_categories` DISABLE KEYS */;

INSERT INTO `blog_categories` (`blog_category_id`, `sort_order`)
VALUES
	(1,1),
	(2,2),
	(3,3);

/*!40000 ALTER TABLE `blog_categories` ENABLE KEYS */;
UNLOCK TABLES;


# Dump of table blog_category_descriptions
# ------------------------------------------------------------

DROP TABLE IF EXISTS `blog_category_descriptions`;

CREATE TABLE `blog_category_descriptions` (
  `blog_category_id` int(10) unsigned NOT NULL,
  `language_id` int(10) unsigned NOT NULL,
  `name` varchar(255) COLLATE utf8_unicode_ci NOT NULL,
  `description` varchar(255) COLLATE utf8_unicode_ci NOT NULL
) ENGINE=InnoDB DEFAULT CHARSET=utf8 COLLATE=utf8_unicode_ci;

LOCK TABLES `blog_category_descriptions` WRITE;
/*!40000 ALTER TABLE `blog_category_descriptions` DISABLE KEYS */;

INSERT INTO `blog_category_descriptions` (`blog_category_id`, `language_id`, `name`, `description`)
VALUES
	(1,1,'Đào tạo','Đào tạo'),
	(1,2,'Trainning','Trainning'),
	(2,1,'Tin tức','Tin tức'),
	(2,2,'News','News'),
	(3,1,'Giới thiệu','Giới thiệu'),
	(3,2,'Introduce','Introduce');

/*!40000 ALTER TABLE `blog_category_descriptions` ENABLE KEYS */;
UNLOCK TABLES;


# Dump of table blog_post_descriptions
# ------------------------------------------------------------

DROP TABLE IF EXISTS `blog_post_descriptions`;

CREATE TABLE `blog_post_descriptions` (
  `post_id` int(10) unsigned NOT NULL,
  `language_id` int(10) unsigned NOT NULL,
  `name` varchar(255) COLLATE utf8_unicode_ci NOT NULL,
  `description` text COLLATE utf8_unicode_ci NOT NULL,
  `content` text COLLATE utf8_unicode_ci NOT NULL,
  `meta_title` varchar(255) COLLATE utf8_unicode_ci NOT NULL,
  `meta_description` varchar(255) COLLATE utf8_unicode_ci NOT NULL,
  `meta_keyword` varchar(255) COLLATE utf8_unicode_ci NOT NULL DEFAULT ''
) ENGINE=InnoDB DEFAULT CHARSET=utf8 COLLATE=utf8_unicode_ci;

LOCK TABLES `blog_post_descriptions` WRITE;
/*!40000 ALTER TABLE `blog_post_descriptions` DISABLE KEYS */;

INSERT INTO `blog_post_descriptions` (`post_id`, `language_id`, `name`, `description`, `content`, `meta_title`, `meta_description`, `meta_keyword`)
VALUES
	(5,1,'Danh sách các tổ chức được công nhận mới tháng 6/2019','Danh sách các tổ chức được công nhận mới tháng 6/2019','<div class=\"content\">\r\n<div class=\"field-group-div group-khung\">\r\n<div class=\"field field-label-hidden field-name-field-noidung field-type-text-long\">\r\n<div class=\"field-items\">\r\n<div class=\"even field-item\">\r\n<table cellpadding=\"5\" cellspacing=\"0\" class=\"Table\" style=\"-webkit-text-stroke-width:0px; border-collapse:collapse; caret-color:#000000; color:#000000; font-family:-webkit-standard; font-style:normal; font-variant-caps:normal; font-weight:normal; letter-spacing:normal; text-align:start; text-decoration:none; text-transform:none; white-space:normal; width:1024px; word-spacing:0px\">\r\n	<tbody>\r\n		<tr>\r\n			<td colspan=\"5\" style=\"height:50.35pt; width:752.95pt\"><span style=\"font-size:14px\"><span style=\"font-family:Arial,Helvetica,sans-serif\"><strong><span style=\"color:black\">DANH S&Aacute;CH C&Aacute;C PH&Ograve;NG TH&Iacute; NGHIỆM, PH&Ograve;NG X&Eacute;T NGHIỆM ĐƯỢC C&Ocirc;NG NHẬN MỚI TỪ 01 - 30/06/2019</span></strong></span></span></td>\r\n		</tr>\r\n		<tr>\r\n			<td style=\"height:50.35pt; width:49.65pt\"><span style=\"font-size:14px\"><span style=\"font-family:Arial,Helvetica,sans-serif\"><strong><span style=\"color:black\">M&atilde; số</span></strong></span></span></td>\r\n			<td style=\"height:50.35pt; width:240.95pt\"><span style=\"font-size:14px\"><span style=\"font-family:Arial,Helvetica,sans-serif\"><strong><span style=\"color:black\">T&ecirc;n tổ chức được c&ocirc;ng nhận</span></strong></span></span></td>\r\n			<td style=\"height:50.35pt; width:120.5pt\"><span style=\"font-size:14px\"><span style=\"font-family:Arial,Helvetica,sans-serif\"><strong><span style=\"color:black\">Lĩnh vực</span></strong></span></span></td>\r\n			<td style=\"height:50.35pt; width:9cm\"><span style=\"font-size:14px\"><span style=\"font-family:Arial,Helvetica,sans-serif\"><strong><span style=\"color:black\">Địa điểm</span></strong></span></span></td>\r\n			<td style=\"height:50.35pt; width:86.7pt\"><span style=\"font-size:14px\"><span style=\"font-family:Arial,Helvetica,sans-serif\"><strong><span style=\"color:black\">Ng&agrave;y quyết định</span></strong></span></span></td>\r\n		</tr>\r\n		<tr>\r\n			<td style=\"height:50.35pt; width:49.65pt\"><span style=\"font-size:14px\"><span style=\"font-family:Arial,Helvetica,sans-serif\"><span style=\"color:black\">1213</span></span></span></td>\r\n			<td style=\"height:50.35pt; width:240.95pt\"><span style=\"font-size:14px\"><span style=\"font-family:Arial,Helvetica,sans-serif\"><span style=\"color:black\">Trung t&acirc;m kiểm nghiệm dược phẩm - mỹ phẩm tỉnh An Giang - Sở y tế An Giang</span></span></span></td>\r\n			<td style=\"height:50.35pt; width:120.5pt\"><span style=\"font-size:14px\"><span style=\"font-family:Arial,Helvetica,sans-serif\"><span style=\"color:black\">Dược</span></span></span></td>\r\n			<td style=\"height:50.35pt; width:9cm\"><span style=\"font-size:14px\"><span style=\"font-family:Arial,Helvetica,sans-serif\"><span style=\"color:black\">Số 20, đường Nguyễn Du, phường Mỹ B&igrave;nh, TP. Long Xuy&ecirc;n, tỉnh An Giang</span></span></span></td>\r\n			<td style=\"height:50.35pt; width:86.7pt\"><span style=\"font-size:14px\"><span style=\"font-family:Arial,Helvetica,sans-serif\"><span style=\"color:black\">04/06/2019</span></span></span></td>\r\n		</tr>\r\n		<tr>\r\n			<td style=\"height:50.35pt; width:49.65pt\"><span style=\"font-size:14px\"><span style=\"font-family:Arial,Helvetica,sans-serif\"><span style=\"color:black\">1211</span></span></span></td>\r\n			<td style=\"height:50.35pt; width:240.95pt\"><span style=\"font-size:14px\"><span style=\"font-family:Arial,Helvetica,sans-serif\"><span style=\"color:black\">Trung t&acirc;m Ứng dụng, Kỹ thuật, Th&ocirc;ng tin KH&amp;CN tỉnh Y&ecirc;n B&aacute;i</span></span></span></td>\r\n			<td style=\"height:50.35pt; width:120.5pt\"><span style=\"font-size:14px\"><span style=\"font-family:Arial,Helvetica,sans-serif\"><span style=\"color:black\">Điện &ndash; Điện tử</span></span></span></td>\r\n			<td style=\"height:50.35pt; width:9cm\"><span style=\"font-size:14px\"><span style=\"font-family:Arial,Helvetica,sans-serif\"><span style=\"color:black\">Tổ 02, thị trấn Y&ecirc;n B&igrave;nh, huyện Y&ecirc;n B&igrave;nh, tỉnh Y&ecirc;n B&aacute;i</span></span></span></td>\r\n			<td style=\"height:50.35pt; width:86.7pt\"><span style=\"font-size:14px\"><span style=\"font-family:Arial,Helvetica,sans-serif\"><span style=\"color:black\">10/06/2019</span></span></span></td>\r\n		</tr>\r\n		<tr>\r\n			<td style=\"height:50.35pt; width:49.65pt\"><span style=\"font-size:14px\"><span style=\"font-family:Arial,Helvetica,sans-serif\"><span style=\"color:black\">1216</span></span></span></td>\r\n			<td style=\"height:50.35pt; width:240.95pt\"><span style=\"font-size:14px\"><span style=\"font-family:Arial,Helvetica,sans-serif\"><span style=\"color:black\">C&ocirc;ng ty TNHH kỹ thuật Th&agrave;nh An</span></span></span></td>\r\n			<td style=\"height:50.35pt; width:120.5pt\"><span style=\"font-size:14px\"><span style=\"font-family:Arial,Helvetica,sans-serif\"><span style=\"color:black\">Cơ, Đo lường &ndash; hiệu chuẩn, Sinh</span></span></span></td>\r\n			<td style=\"height:50.35pt; width:9cm\"><span style=\"font-size:14px\"><span style=\"font-family:Arial,Helvetica,sans-serif\"><span style=\"color:black\">Ph&ograve;ng 306 - 309, nh&agrave; 2C - Số 18 Ho&agrave;ng Quốc Việt, phường Nghĩa Đ&ocirc;, quận Cầu Giấy, H&agrave; Nội</span></span></span></td>\r\n			<td style=\"height:50.35pt; width:86.7pt\"><span style=\"font-size:14px\"><span style=\"font-family:Arial,Helvetica,sans-serif\"><span style=\"color:black\">13/06/2019</span></span></span></td>\r\n		</tr>\r\n		<tr>\r\n			<td style=\"height:50.35pt; width:49.65pt\"><span style=\"font-size:14px\"><span style=\"font-family:Arial,Helvetica,sans-serif\"><span style=\"color:black\">1219</span></span></span></td>\r\n			<td style=\"height:50.35pt; width:240.95pt\"><span style=\"font-size:14px\"><span style=\"font-family:Arial,Helvetica,sans-serif\"><span style=\"color:black\">C&ocirc;ng ty Cổ phần đầu tư hạ tầng nước DNP Bắc Giang</span></span></span></td>\r\n			<td style=\"height:50.35pt; width:120.5pt\"><span style=\"font-size:14px\"><span style=\"font-family:Arial,Helvetica,sans-serif\"><span style=\"color:black\">H&oacute;a, Sinh</span></span></span></td>\r\n			<td style=\"height:50.35pt; width:9cm\"><span style=\"font-size:14px\"><span style=\"font-family:Arial,Helvetica,sans-serif\"><span style=\"color:black\">Th&ocirc;n C&agrave;n, x&atilde; Hương Sơn, huyện Lạng Giang, tỉnh Bắc Giang</span></span></span></td>\r\n			<td style=\"height:50.35pt; width:86.7pt\"><span style=\"font-size:14px\"><span style=\"font-family:Arial,Helvetica,sans-serif\"><span style=\"color:black\">13/06/2019</span></span></span></td>\r\n		</tr>\r\n		<tr>\r\n			<td style=\"height:50.35pt; width:49.65pt\"><span style=\"font-size:14px\"><span style=\"font-family:Arial,Helvetica,sans-serif\"><span style=\"color:black\">1218</span></span></span></td>\r\n			<td style=\"height:50.35pt; width:240.95pt\"><span style=\"font-size:14px\"><span style=\"font-family:Arial,Helvetica,sans-serif\"><span style=\"color:black\">C&ocirc;ng ty CP chứng nhận DBHT</span></span></span></td>\r\n			<td style=\"height:50.35pt; width:120.5pt\"><span style=\"font-size:14px\"><span style=\"font-family:Arial,Helvetica,sans-serif\"><span style=\"color:black\">Đo lường &ndash; hiệu chuẩn</span></span></span></td>\r\n			<td style=\"height:50.35pt; width:9cm\"><span style=\"font-size:14px\"><span style=\"font-family:Arial,Helvetica,sans-serif\"><span style=\"color:black\">Số 46, L&ocirc; TT2 Khu đ&ocirc; thị mới Văn Ph&uacute;, Phường Ph&uacute; La, Quận H&agrave; Đ&ocirc;ng, H&agrave; Nội</span></span></span></td>\r\n			<td style=\"height:50.35pt; width:86.7pt\"><span style=\"font-size:14px\"><span style=\"font-family:Arial,Helvetica,sans-serif\"><span style=\"color:black\">20/06/2019</span></span></span></td>\r\n		</tr>\r\n		<tr>\r\n			<td style=\"height:50.35pt; width:49.65pt\"><span style=\"font-size:14px\"><span style=\"font-family:Arial,Helvetica,sans-serif\"><span style=\"color:black\">1217</span></span></span></td>\r\n			<td style=\"height:50.35pt; width:240.95pt\"><span style=\"font-size:14px\"><span style=\"font-family:Arial,Helvetica,sans-serif\"><span style=\"color:black\">C&ocirc;ng ty CP tư vấn đầu tư x&acirc;y dựng v&agrave; quản l&yacute; đ&ocirc; thị Việt Nam</span></span></span></td>\r\n			<td style=\"height:50.35pt; width:120.5pt\"><span style=\"font-size:14px\"><span style=\"font-family:Arial,Helvetica,sans-serif\"><span style=\"color:black\">Điện &ndash; Điện tử</span></span></span></td>\r\n			<td style=\"height:50.35pt; width:9cm\"><span style=\"font-size:14px\"><span style=\"font-family:Arial,Helvetica,sans-serif\"><span style=\"color:black\">Số 1, ng&otilde; 5, phố Bế Văn Đ&agrave;n, phường Quang Trung, quận H&agrave; Đ&ocirc;ng, TP H&agrave; Nội</span></span></span></td>\r\n			<td style=\"height:50.35pt; width:86.7pt\"><span style=\"font-size:14px\"><span style=\"font-family:Arial,Helvetica,sans-serif\"><span style=\"color:black\">24/06/2019</span></span></span></td>\r\n		</tr>\r\n		<tr>\r\n			<td style=\"height:50.35pt; width:49.65pt\"><span style=\"font-size:14px\"><span style=\"font-family:Arial,Helvetica,sans-serif\"><span style=\"color:black\">MED 107</span></span></span></td>\r\n			<td style=\"height:50.35pt; width:240.95pt\"><span style=\"font-size:14px\"><span style=\"font-family:Arial,Helvetica,sans-serif\"><span style=\"color:black\">Bệnh viện đa khoa Bắc Giang&nbsp;</span></span></span></td>\r\n			<td style=\"height:50.35pt; width:120.5pt\"><span style=\"font-size:14px\"><span style=\"font-family:Arial,Helvetica,sans-serif\"><span style=\"color:black\">Vi sinh</span></span></span></td>\r\n			<td style=\"height:50.35pt; width:9cm\"><span style=\"font-size:14px\"><span style=\"font-family:Arial,Helvetica,sans-serif\"><span style=\"color:black\">Tầng 5, nh&agrave; 5 tầng, đường L&ecirc; Lợi, P Ho&agrave;ng Văn Thụ, Tp Bắc Giang, tỉnh Bắc Giang</span></span></span></td>\r\n			<td style=\"height:50.35pt; width:86.7pt\"><span style=\"font-size:14px\"><span style=\"font-family:Arial,Helvetica,sans-serif\"><span style=\"color:black\">28/06/2019</span></span></span></td>\r\n		</tr>\r\n	</tbody>\r\n</table>\r\n</div>\r\n</div>\r\n</div>\r\n\r\n<div class=\"field-group-div group-tintuckhung1 uk-width-1-1 uk-width-medium-3-4\">\r\n<div class=\"field field-label-hidden field-name-field-tintuc-gallery field-type-markup\">\r\n<div class=\"field-items\">\r\n<div class=\"even field-item\">&nbsp;</div>\r\n</div>\r\n</div>\r\n\r\n<div class=\"field field-label-hidden field-name-field-chiase field-type-markup\">\r\n<div class=\"field-items\">\r\n<div class=\"even field-item\">\r\n<div style=\"float:right; margin-left:5px\">\r\n<div class=\"g-plusone\">&nbsp;</div>\r\n</div>\r\n\r\n<div class=\"fb-like\" style=\"float:right\">&nbsp;</div>\r\n</div>\r\n</div>\r\n</div>\r\n</div>\r\n</div>\r\n</div>','Danh sách các tổ chức được công nhận mới tháng 6/2019','Danh sách các tổ chức được công nhận mới tháng 6/2019','Danh sách các tổ chức được công nhận mới tháng 6/2019'),
	(5,2,'Danh sách các tổ chức được công nhận mới tháng 6/2019','Danh sách các tổ chức được công nhận mới tháng 6/2019','<div class=\"content\">\r\n<div class=\"field-group-div group-khung\">\r\n<div class=\"field field-label-hidden field-name-field-noidung field-type-text-long\">\r\n<div class=\"field-items\">\r\n<div class=\"even field-item\">\r\n<table cellpadding=\"5\" cellspacing=\"0\" class=\"Table\" style=\"-webkit-text-stroke-width:0px; border-collapse:collapse; caret-color:#000000; color:#000000; font-family:-webkit-standard; font-style:normal; font-variant-caps:normal; font-weight:normal; letter-spacing:normal; text-align:start; text-decoration:none; text-transform:none; white-space:normal; width:1024px; word-spacing:0px\">\r\n	<tbody>\r\n		<tr>\r\n			<td colspan=\"5\" style=\"height:50.35pt; width:752.95pt\"><span style=\"font-size:14px\"><span style=\"font-family:Arial,Helvetica,sans-serif\"><strong><span style=\"color:black\">DANH S&Aacute;CH C&Aacute;C PH&Ograve;NG TH&Iacute; NGHIỆM, PH&Ograve;NG X&Eacute;T NGHIỆM ĐƯỢC C&Ocirc;NG NHẬN MỚI TỪ 01 - 30/06/2019</span></strong></span></span></td>\r\n		</tr>\r\n		<tr>\r\n			<td style=\"height:50.35pt; width:49.65pt\"><span style=\"font-size:14px\"><span style=\"font-family:Arial,Helvetica,sans-serif\"><strong><span style=\"color:black\">M&atilde; số</span></strong></span></span></td>\r\n			<td style=\"height:50.35pt; width:240.95pt\"><span style=\"font-size:14px\"><span style=\"font-family:Arial,Helvetica,sans-serif\"><strong><span style=\"color:black\">T&ecirc;n tổ chức được c&ocirc;ng nhận</span></strong></span></span></td>\r\n			<td style=\"height:50.35pt; width:120.5pt\"><span style=\"font-size:14px\"><span style=\"font-family:Arial,Helvetica,sans-serif\"><strong><span style=\"color:black\">Lĩnh vực</span></strong></span></span></td>\r\n			<td style=\"height:50.35pt; width:9cm\"><span style=\"font-size:14px\"><span style=\"font-family:Arial,Helvetica,sans-serif\"><strong><span style=\"color:black\">Địa điểm</span></strong></span></span></td>\r\n			<td style=\"height:50.35pt; width:86.7pt\"><span style=\"font-size:14px\"><span style=\"font-family:Arial,Helvetica,sans-serif\"><strong><span style=\"color:black\">Ng&agrave;y quyết định</span></strong></span></span></td>\r\n		</tr>\r\n		<tr>\r\n			<td style=\"height:50.35pt; width:49.65pt\"><span style=\"font-size:14px\"><span style=\"font-family:Arial,Helvetica,sans-serif\"><span style=\"color:black\">1213</span></span></span></td>\r\n			<td style=\"height:50.35pt; width:240.95pt\"><span style=\"font-size:14px\"><span style=\"font-family:Arial,Helvetica,sans-serif\"><span style=\"color:black\">Trung t&acirc;m kiểm nghiệm dược phẩm - mỹ phẩm tỉnh An Giang - Sở y tế An Giang</span></span></span></td>\r\n			<td style=\"height:50.35pt; width:120.5pt\"><span style=\"font-size:14px\"><span style=\"font-family:Arial,Helvetica,sans-serif\"><span style=\"color:black\">Dược</span></span></span></td>\r\n			<td style=\"height:50.35pt; width:9cm\"><span style=\"font-size:14px\"><span style=\"font-family:Arial,Helvetica,sans-serif\"><span style=\"color:black\">Số 20, đường Nguyễn Du, phường Mỹ B&igrave;nh, TP. Long Xuy&ecirc;n, tỉnh An Giang</span></span></span></td>\r\n			<td style=\"height:50.35pt; width:86.7pt\"><span style=\"font-size:14px\"><span style=\"font-family:Arial,Helvetica,sans-serif\"><span style=\"color:black\">04/06/2019</span></span></span></td>\r\n		</tr>\r\n		<tr>\r\n			<td style=\"height:50.35pt; width:49.65pt\"><span style=\"font-size:14px\"><span style=\"font-family:Arial,Helvetica,sans-serif\"><span style=\"color:black\">1211</span></span></span></td>\r\n			<td style=\"height:50.35pt; width:240.95pt\"><span style=\"font-size:14px\"><span style=\"font-family:Arial,Helvetica,sans-serif\"><span style=\"color:black\">Trung t&acirc;m Ứng dụng, Kỹ thuật, Th&ocirc;ng tin KH&amp;CN tỉnh Y&ecirc;n B&aacute;i</span></span></span></td>\r\n			<td style=\"height:50.35pt; width:120.5pt\"><span style=\"font-size:14px\"><span style=\"font-family:Arial,Helvetica,sans-serif\"><span style=\"color:black\">Điện &ndash; Điện tử</span></span></span></td>\r\n			<td style=\"height:50.35pt; width:9cm\"><span style=\"font-size:14px\"><span style=\"font-family:Arial,Helvetica,sans-serif\"><span style=\"color:black\">Tổ 02, thị trấn Y&ecirc;n B&igrave;nh, huyện Y&ecirc;n B&igrave;nh, tỉnh Y&ecirc;n B&aacute;i</span></span></span></td>\r\n			<td style=\"height:50.35pt; width:86.7pt\"><span style=\"font-size:14px\"><span style=\"font-family:Arial,Helvetica,sans-serif\"><span style=\"color:black\">10/06/2019</span></span></span></td>\r\n		</tr>\r\n		<tr>\r\n			<td style=\"height:50.35pt; width:49.65pt\"><span style=\"font-size:14px\"><span style=\"font-family:Arial,Helvetica,sans-serif\"><span style=\"color:black\">1216</span></span></span></td>\r\n			<td style=\"height:50.35pt; width:240.95pt\"><span style=\"font-size:14px\"><span style=\"font-family:Arial,Helvetica,sans-serif\"><span style=\"color:black\">C&ocirc;ng ty TNHH kỹ thuật Th&agrave;nh An</span></span></span></td>\r\n			<td style=\"height:50.35pt; width:120.5pt\"><span style=\"font-size:14px\"><span style=\"font-family:Arial,Helvetica,sans-serif\"><span style=\"color:black\">Cơ, Đo lường &ndash; hiệu chuẩn, Sinh</span></span></span></td>\r\n			<td style=\"height:50.35pt; width:9cm\"><span style=\"font-size:14px\"><span style=\"font-family:Arial,Helvetica,sans-serif\"><span style=\"color:black\">Ph&ograve;ng 306 - 309, nh&agrave; 2C - Số 18 Ho&agrave;ng Quốc Việt, phường Nghĩa Đ&ocirc;, quận Cầu Giấy, H&agrave; Nội</span></span></span></td>\r\n			<td style=\"height:50.35pt; width:86.7pt\"><span style=\"font-size:14px\"><span style=\"font-family:Arial,Helvetica,sans-serif\"><span style=\"color:black\">13/06/2019</span></span></span></td>\r\n		</tr>\r\n		<tr>\r\n			<td style=\"height:50.35pt; width:49.65pt\"><span style=\"font-size:14px\"><span style=\"font-family:Arial,Helvetica,sans-serif\"><span style=\"color:black\">1219</span></span></span></td>\r\n			<td style=\"height:50.35pt; width:240.95pt\"><span style=\"font-size:14px\"><span style=\"font-family:Arial,Helvetica,sans-serif\"><span style=\"color:black\">C&ocirc;ng ty Cổ phần đầu tư hạ tầng nước DNP Bắc Giang</span></span></span></td>\r\n			<td style=\"height:50.35pt; width:120.5pt\"><span style=\"font-size:14px\"><span style=\"font-family:Arial,Helvetica,sans-serif\"><span style=\"color:black\">H&oacute;a, Sinh</span></span></span></td>\r\n			<td style=\"height:50.35pt; width:9cm\"><span style=\"font-size:14px\"><span style=\"font-family:Arial,Helvetica,sans-serif\"><span style=\"color:black\">Th&ocirc;n C&agrave;n, x&atilde; Hương Sơn, huyện Lạng Giang, tỉnh Bắc Giang</span></span></span></td>\r\n			<td style=\"height:50.35pt; width:86.7pt\"><span style=\"font-size:14px\"><span style=\"font-family:Arial,Helvetica,sans-serif\"><span style=\"color:black\">13/06/2019</span></span></span></td>\r\n		</tr>\r\n		<tr>\r\n			<td style=\"height:50.35pt; width:49.65pt\"><span style=\"font-size:14px\"><span style=\"font-family:Arial,Helvetica,sans-serif\"><span style=\"color:black\">1218</span></span></span></td>\r\n			<td style=\"height:50.35pt; width:240.95pt\"><span style=\"font-size:14px\"><span style=\"font-family:Arial,Helvetica,sans-serif\"><span style=\"color:black\">C&ocirc;ng ty CP chứng nhận DBHT</span></span></span></td>\r\n			<td style=\"height:50.35pt; width:120.5pt\"><span style=\"font-size:14px\"><span style=\"font-family:Arial,Helvetica,sans-serif\"><span style=\"color:black\">Đo lường &ndash; hiệu chuẩn</span></span></span></td>\r\n			<td style=\"height:50.35pt; width:9cm\"><span style=\"font-size:14px\"><span style=\"font-family:Arial,Helvetica,sans-serif\"><span style=\"color:black\">Số 46, L&ocirc; TT2 Khu đ&ocirc; thị mới Văn Ph&uacute;, Phường Ph&uacute; La, Quận H&agrave; Đ&ocirc;ng, H&agrave; Nội</span></span></span></td>\r\n			<td style=\"height:50.35pt; width:86.7pt\"><span style=\"font-size:14px\"><span style=\"font-family:Arial,Helvetica,sans-serif\"><span style=\"color:black\">20/06/2019</span></span></span></td>\r\n		</tr>\r\n		<tr>\r\n			<td style=\"height:50.35pt; width:49.65pt\"><span style=\"font-size:14px\"><span style=\"font-family:Arial,Helvetica,sans-serif\"><span style=\"color:black\">1217</span></span></span></td>\r\n			<td style=\"height:50.35pt; width:240.95pt\"><span style=\"font-size:14px\"><span style=\"font-family:Arial,Helvetica,sans-serif\"><span style=\"color:black\">C&ocirc;ng ty CP tư vấn đầu tư x&acirc;y dựng v&agrave; quản l&yacute; đ&ocirc; thị Việt Nam</span></span></span></td>\r\n			<td style=\"height:50.35pt; width:120.5pt\"><span style=\"font-size:14px\"><span style=\"font-family:Arial,Helvetica,sans-serif\"><span style=\"color:black\">Điện &ndash; Điện tử</span></span></span></td>\r\n			<td style=\"height:50.35pt; width:9cm\"><span style=\"font-size:14px\"><span style=\"font-family:Arial,Helvetica,sans-serif\"><span style=\"color:black\">Số 1, ng&otilde; 5, phố Bế Văn Đ&agrave;n, phường Quang Trung, quận H&agrave; Đ&ocirc;ng, TP H&agrave; Nội</span></span></span></td>\r\n			<td style=\"height:50.35pt; width:86.7pt\"><span style=\"font-size:14px\"><span style=\"font-family:Arial,Helvetica,sans-serif\"><span style=\"color:black\">24/06/2019</span></span></span></td>\r\n		</tr>\r\n		<tr>\r\n			<td style=\"height:50.35pt; width:49.65pt\"><span style=\"font-size:14px\"><span style=\"font-family:Arial,Helvetica,sans-serif\"><span style=\"color:black\">MED 107</span></span></span></td>\r\n			<td style=\"height:50.35pt; width:240.95pt\"><span style=\"font-size:14px\"><span style=\"font-family:Arial,Helvetica,sans-serif\"><span style=\"color:black\">Bệnh viện đa khoa Bắc Giang&nbsp;</span></span></span></td>\r\n			<td style=\"height:50.35pt; width:120.5pt\"><span style=\"font-size:14px\"><span style=\"font-family:Arial,Helvetica,sans-serif\"><span style=\"color:black\">Vi sinh</span></span></span></td>\r\n			<td style=\"height:50.35pt; width:9cm\"><span style=\"font-size:14px\"><span style=\"font-family:Arial,Helvetica,sans-serif\"><span style=\"color:black\">Tầng 5, nh&agrave; 5 tầng, đường L&ecirc; Lợi, P Ho&agrave;ng Văn Thụ, Tp Bắc Giang, tỉnh Bắc Giang</span></span></span></td>\r\n			<td style=\"height:50.35pt; width:86.7pt\"><span style=\"font-size:14px\"><span style=\"font-family:Arial,Helvetica,sans-serif\"><span style=\"color:black\">28/06/2019</span></span></span></td>\r\n		</tr>\r\n	</tbody>\r\n</table>\r\n</div>\r\n</div>\r\n</div>\r\n\r\n<div class=\"field-group-div group-tintuckhung1 uk-width-1-1 uk-width-medium-3-4\">\r\n<div class=\"field field-label-hidden field-name-field-tintuc-gallery field-type-markup\">\r\n<div class=\"field-items\">\r\n<div class=\"even field-item\">&nbsp;</div>\r\n</div>\r\n</div>\r\n\r\n<div class=\"field field-label-hidden field-name-field-chiase field-type-markup\">\r\n<div class=\"field-items\">\r\n<div class=\"even field-item\">\r\n<div style=\"float:right; margin-left:5px\">\r\n<div class=\"g-plusone\">&nbsp;</div>\r\n</div>\r\n\r\n<div class=\"fb-like\" style=\"float:right\">&nbsp;</div>\r\n</div>\r\n</div>\r\n</div>\r\n</div>\r\n</div>\r\n</div>','Danh sách các tổ chức được công nhận mới tháng 6/2019','Danh sách các tổ chức được công nhận mới tháng 6/2019','Danh sách các tổ chức được công nhận mới tháng 6/2019'),
	(6,1,'Danh sách các tổ chức được công nhận mới tháng 5/2019','Danh sách các tổ chức được công nhận mới tháng 5/2019','<div class=\"content\">\r\n<div class=\"field-group-div group-khung\">\r\n<div class=\"field field-label-hidden field-name-field-noidung field-type-text-long\">\r\n<div class=\"field-items\">\r\n<div class=\"even field-item\">\r\n<table cellspacing=\"0\" class=\"Table\" style=\"-webkit-text-stroke-width:0px; border-collapse:collapse; caret-color:#000000; color:#000000; font-family:-webkit-standard; font-style:normal; font-variant-caps:normal; font-weight:normal; letter-spacing:normal; text-align:start; text-decoration:none; text-transform:none; white-space:normal; width:1024px; word-spacing:0px\">\r\n	<tbody>\r\n		<tr>\r\n			<td colspan=\"5\" style=\"height:35pt; width:751.3pt\"><span style=\"font-size:14px\"><span style=\"font-family:Arial,Helvetica,sans-serif\"><strong><span style=\"color:black\">DANH S&Aacute;CH C&Aacute;C PH&Ograve;NG TH&Iacute; NGHIỆM, PH&Ograve;NG X&Eacute;T NGHIỆM ĐƯỢC C&Ocirc;NG NHẬN MỚI TỪ 01 - 31/05/2019</span></strong></span></span></td>\r\n		</tr>\r\n		<tr>\r\n			<td style=\"height:35pt; width:49.65pt\"><span style=\"font-size:14px\"><span style=\"font-family:Arial,Helvetica,sans-serif\"><strong><span style=\"color:black\">M&atilde; số</span></strong></span></span></td>\r\n			<td style=\"height:35pt; width:240.95pt\"><span style=\"font-size:14px\"><span style=\"font-family:Arial,Helvetica,sans-serif\"><strong><span style=\"color:black\">T&ecirc;n tổ chức được c&ocirc;ng nhận</span></strong></span></span></td>\r\n			<td style=\"height:35pt; width:120.5pt\"><span style=\"font-size:14px\"><span style=\"font-family:Arial,Helvetica,sans-serif\"><strong><span style=\"color:black\">Lĩnh vực</span></strong></span></span></td>\r\n			<td style=\"height:35pt; width:9cm\"><span style=\"font-size:14px\"><span style=\"font-family:Arial,Helvetica,sans-serif\"><strong><span style=\"color:black\">Địa điểm</span></strong></span></span></td>\r\n			<td style=\"height:35pt; width:3cm\"><span style=\"font-size:14px\"><span style=\"font-family:Arial,Helvetica,sans-serif\"><strong><span style=\"color:black\">Ng&agrave;y quyết định</span></strong></span></span></td>\r\n		</tr>\r\n		<tr>\r\n			<td style=\"height:35pt; width:49.65pt\"><span style=\"font-size:14px\"><span style=\"font-family:Arial,Helvetica,sans-serif\"><span style=\"color:black\">MED 104</span></span></span></td>\r\n			<td style=\"height:35pt; width:240.95pt\"><span style=\"font-size:14px\"><span style=\"font-family:Arial,Helvetica,sans-serif\"><span style=\"color:black\">Khoa huyết học (Bệnh viện Đa khoa Bắc Giang)</span></span></span></td>\r\n			<td style=\"height:35pt; width:120.5pt\"><span style=\"font-size:14px\"><span style=\"font-family:Arial,Helvetica,sans-serif\"><span style=\"color:black\">Huyết học</span></span></span></td>\r\n			<td style=\"height:35pt; width:9cm\"><span style=\"font-size:14px\"><span style=\"font-family:Arial,Helvetica,sans-serif\"><span style=\"color:black\">Tầng 5, nh&agrave; A1, Bệnh viện Đa khoa tỉnh Bắc Giang, đường L&ecirc; Lợi, Tp Bắc Giang, tỉnh Bắc Giang</span></span></span></td>\r\n			<td style=\"height:35pt; width:3cm\"><span style=\"font-size:14px\"><span style=\"font-family:Arial,Helvetica,sans-serif\"><span style=\"color:black\">03/05/2019</span></span></span></td>\r\n		</tr>\r\n		<tr>\r\n			<td style=\"height:35pt; width:49.65pt\"><span style=\"font-size:14px\"><span style=\"font-family:Arial,Helvetica,sans-serif\"><span style=\"color:black\">1214</span></span></span></td>\r\n			<td style=\"height:35pt; width:240.95pt\"><span style=\"font-size:14px\"><span style=\"font-family:Arial,Helvetica,sans-serif\"><span style=\"color:black\">C&ocirc;ng ty TNHH Dược Hanvet</span></span></span></td>\r\n			<td style=\"height:35pt; width:120.5pt\"><span style=\"font-size:14px\"><span style=\"font-family:Arial,Helvetica,sans-serif\"><span style=\"color:black\">Dược, H&oacute;a, Sinh</span></span></span></td>\r\n			<td style=\"height:35pt; width:9cm\"><span style=\"font-size:14px\"><span style=\"font-family:Arial,Helvetica,sans-serif\"><span style=\"color:black\">Khu CN phố nối A, Mỹ H&agrave;o, Hưng Y&ecirc;n</span></span></span></td>\r\n			<td style=\"height:35pt; width:3cm\"><span style=\"font-size:14px\"><span style=\"font-family:Arial,Helvetica,sans-serif\"><span style=\"color:black\">08/05/2019</span></span></span></td>\r\n		</tr>\r\n		<tr>\r\n			<td style=\"height:35pt; width:49.65pt\"><span style=\"font-size:14px\"><span style=\"font-family:Arial,Helvetica,sans-serif\"><span style=\"color:black\">MED 106</span></span></span></td>\r\n			<td style=\"height:35pt; width:240.95pt\"><span style=\"font-size:14px\"><span style=\"font-family:Arial,Helvetica,sans-serif\"><span style=\"color:black\">Khoa huyết học (Bệnh viện Đa khoa tỉnh Ph&uacute; Thọ)</span></span></span></td>\r\n			<td style=\"height:35pt; width:120.5pt\"><span style=\"font-size:14px\"><span style=\"font-family:Arial,Helvetica,sans-serif\"><span style=\"color:black\">Huyết học</span></span></span></td>\r\n			<td style=\"height:35pt; width:9cm\"><span style=\"font-size:14px\"><span style=\"font-family:Arial,Helvetica,sans-serif\"><span style=\"color:black\">Tầng 9, nh&agrave; C,đường Nguyễn Tất Th&agrave;nh, P. T&acirc;n D&acirc;n, Tp Việt Tr&igrave;, tỉnh Ph&uacute; Thọ</span></span></span></td>\r\n			<td style=\"height:35pt; width:3cm\"><span style=\"font-size:14px\"><span style=\"font-family:Arial,Helvetica,sans-serif\"><span style=\"color:black\">15/05/2019</span></span></span></td>\r\n		</tr>\r\n		<tr>\r\n			<td style=\"height:35pt; width:49.65pt\"><span style=\"font-size:14px\"><span style=\"font-family:Arial,Helvetica,sans-serif\"><span style=\"color:black\">1208</span></span></span></td>\r\n			<td style=\"height:35pt; width:240.95pt\"><span style=\"font-size:14px\"><span style=\"font-family:Arial,Helvetica,sans-serif\"><span style=\"color:black\">Viện đo lường L&agrave;o</span></span></span></td>\r\n			<td style=\"height:35pt; width:120.5pt\"><span style=\"font-size:14px\"><span style=\"font-family:Arial,Helvetica,sans-serif\"><span style=\"color:black\">Đo lường &ndash; hiệu chuẩn</span></span></span></td>\r\n			<td style=\"height:35pt; width:9cm\"><span style=\"font-size:14px\"><span style=\"font-family:Arial,Helvetica,sans-serif\"><span style=\"color:black\">Danxang village, Xaythany district, Vientiane capital, Lao PDR</span></span></span></td>\r\n			<td style=\"height:35pt; width:3cm\"><span style=\"font-size:14px\"><span style=\"font-family:Arial,Helvetica,sans-serif\"><span style=\"color:black\">21/05/2019</span></span></span></td>\r\n		</tr>\r\n	</tbody>\r\n</table>\r\n</div>\r\n</div>\r\n</div>\r\n\r\n<div class=\"field-group-div group-tintuckhung1 uk-width-1-1 uk-width-medium-3-4\">\r\n<div class=\"field field-label-hidden field-name-field-tintuc-gallery field-type-markup\">\r\n<div class=\"field-items\">\r\n<div class=\"even field-item\">&nbsp;</div>\r\n</div>\r\n</div>\r\n\r\n<div class=\"field field-label-hidden field-name-field-chiase field-type-markup\">\r\n<div class=\"field-items\">\r\n<div class=\"even field-item\">\r\n<div style=\"float:right; margin-left:5px\">\r\n<div class=\"g-plusone\">&nbsp;</div>\r\n</div>\r\n\r\n<div class=\"fb-like\" style=\"float:right\">&nbsp;</div>\r\n</div>\r\n</div>\r\n</div>\r\n</div>\r\n</div>\r\n</div>','Danh sách các tổ chức được công nhận mới tháng 5/2019','Danh sách các tổ chức được công nhận mới tháng 5/2019','Danh sách các tổ chức được công nhận mới tháng 5/2019'),
	(6,2,'Danh sách các tổ chức được công nhận mới tháng 5/2019','Danh sách các tổ chức được công nhận mới tháng 5/2019','<div class=\"content\">\r\n<div class=\"field-group-div group-khung\">\r\n<div class=\"field field-label-hidden field-name-field-noidung field-type-text-long\">\r\n<div class=\"field-items\">\r\n<div class=\"even field-item\">\r\n<table cellspacing=\"0\" class=\"Table\" style=\"-webkit-text-stroke-width:0px; border-collapse:collapse; caret-color:#000000; color:#000000; font-family:-webkit-standard; font-style:normal; font-variant-caps:normal; font-weight:normal; letter-spacing:normal; text-align:start; text-decoration:none; text-transform:none; white-space:normal; width:1024px; word-spacing:0px\">\r\n	<tbody>\r\n		<tr>\r\n			<td colspan=\"5\" style=\"height:35pt; width:751.3pt\"><span style=\"font-size:14px\"><span style=\"font-family:Arial,Helvetica,sans-serif\"><strong><span style=\"color:black\">DANH S&Aacute;CH C&Aacute;C PH&Ograve;NG TH&Iacute; NGHIỆM, PH&Ograve;NG X&Eacute;T NGHIỆM ĐƯỢC C&Ocirc;NG NHẬN MỚI TỪ 01 - 31/05/2019</span></strong></span></span></td>\r\n		</tr>\r\n		<tr>\r\n			<td style=\"height:35pt; width:49.65pt\"><span style=\"font-size:14px\"><span style=\"font-family:Arial,Helvetica,sans-serif\"><strong><span style=\"color:black\">M&atilde; số</span></strong></span></span></td>\r\n			<td style=\"height:35pt; width:240.95pt\"><span style=\"font-size:14px\"><span style=\"font-family:Arial,Helvetica,sans-serif\"><strong><span style=\"color:black\">T&ecirc;n tổ chức được c&ocirc;ng nhận</span></strong></span></span></td>\r\n			<td style=\"height:35pt; width:120.5pt\"><span style=\"font-size:14px\"><span style=\"font-family:Arial,Helvetica,sans-serif\"><strong><span style=\"color:black\">Lĩnh vực</span></strong></span></span></td>\r\n			<td style=\"height:35pt; width:9cm\"><span style=\"font-size:14px\"><span style=\"font-family:Arial,Helvetica,sans-serif\"><strong><span style=\"color:black\">Địa điểm</span></strong></span></span></td>\r\n			<td style=\"height:35pt; width:3cm\"><span style=\"font-size:14px\"><span style=\"font-family:Arial,Helvetica,sans-serif\"><strong><span style=\"color:black\">Ng&agrave;y quyết định</span></strong></span></span></td>\r\n		</tr>\r\n		<tr>\r\n			<td style=\"height:35pt; width:49.65pt\"><span style=\"font-size:14px\"><span style=\"font-family:Arial,Helvetica,sans-serif\"><span style=\"color:black\">MED 104</span></span></span></td>\r\n			<td style=\"height:35pt; width:240.95pt\"><span style=\"font-size:14px\"><span style=\"font-family:Arial,Helvetica,sans-serif\"><span style=\"color:black\">Khoa huyết học (Bệnh viện Đa khoa Bắc Giang)</span></span></span></td>\r\n			<td style=\"height:35pt; width:120.5pt\"><span style=\"font-size:14px\"><span style=\"font-family:Arial,Helvetica,sans-serif\"><span style=\"color:black\">Huyết học</span></span></span></td>\r\n			<td style=\"height:35pt; width:9cm\"><span style=\"font-size:14px\"><span style=\"font-family:Arial,Helvetica,sans-serif\"><span style=\"color:black\">Tầng 5, nh&agrave; A1, Bệnh viện Đa khoa tỉnh Bắc Giang, đường L&ecirc; Lợi, Tp Bắc Giang, tỉnh Bắc Giang</span></span></span></td>\r\n			<td style=\"height:35pt; width:3cm\"><span style=\"font-size:14px\"><span style=\"font-family:Arial,Helvetica,sans-serif\"><span style=\"color:black\">03/05/2019</span></span></span></td>\r\n		</tr>\r\n		<tr>\r\n			<td style=\"height:35pt; width:49.65pt\"><span style=\"font-size:14px\"><span style=\"font-family:Arial,Helvetica,sans-serif\"><span style=\"color:black\">1214</span></span></span></td>\r\n			<td style=\"height:35pt; width:240.95pt\"><span style=\"font-size:14px\"><span style=\"font-family:Arial,Helvetica,sans-serif\"><span style=\"color:black\">C&ocirc;ng ty TNHH Dược Hanvet</span></span></span></td>\r\n			<td style=\"height:35pt; width:120.5pt\"><span style=\"font-size:14px\"><span style=\"font-family:Arial,Helvetica,sans-serif\"><span style=\"color:black\">Dược, H&oacute;a, Sinh</span></span></span></td>\r\n			<td style=\"height:35pt; width:9cm\"><span style=\"font-size:14px\"><span style=\"font-family:Arial,Helvetica,sans-serif\"><span style=\"color:black\">Khu CN phố nối A, Mỹ H&agrave;o, Hưng Y&ecirc;n</span></span></span></td>\r\n			<td style=\"height:35pt; width:3cm\"><span style=\"font-size:14px\"><span style=\"font-family:Arial,Helvetica,sans-serif\"><span style=\"color:black\">08/05/2019</span></span></span></td>\r\n		</tr>\r\n		<tr>\r\n			<td style=\"height:35pt; width:49.65pt\"><span style=\"font-size:14px\"><span style=\"font-family:Arial,Helvetica,sans-serif\"><span style=\"color:black\">MED 106</span></span></span></td>\r\n			<td style=\"height:35pt; width:240.95pt\"><span style=\"font-size:14px\"><span style=\"font-family:Arial,Helvetica,sans-serif\"><span style=\"color:black\">Khoa huyết học (Bệnh viện Đa khoa tỉnh Ph&uacute; Thọ)</span></span></span></td>\r\n			<td style=\"height:35pt; width:120.5pt\"><span style=\"font-size:14px\"><span style=\"font-family:Arial,Helvetica,sans-serif\"><span style=\"color:black\">Huyết học</span></span></span></td>\r\n			<td style=\"height:35pt; width:9cm\"><span style=\"font-size:14px\"><span style=\"font-family:Arial,Helvetica,sans-serif\"><span style=\"color:black\">Tầng 9, nh&agrave; C,đường Nguyễn Tất Th&agrave;nh, P. T&acirc;n D&acirc;n, Tp Việt Tr&igrave;, tỉnh Ph&uacute; Thọ</span></span></span></td>\r\n			<td style=\"height:35pt; width:3cm\"><span style=\"font-size:14px\"><span style=\"font-family:Arial,Helvetica,sans-serif\"><span style=\"color:black\">15/05/2019</span></span></span></td>\r\n		</tr>\r\n		<tr>\r\n			<td style=\"height:35pt; width:49.65pt\"><span style=\"font-size:14px\"><span style=\"font-family:Arial,Helvetica,sans-serif\"><span style=\"color:black\">1208</span></span></span></td>\r\n			<td style=\"height:35pt; width:240.95pt\"><span style=\"font-size:14px\"><span style=\"font-family:Arial,Helvetica,sans-serif\"><span style=\"color:black\">Viện đo lường L&agrave;o</span></span></span></td>\r\n			<td style=\"height:35pt; width:120.5pt\"><span style=\"font-size:14px\"><span style=\"font-family:Arial,Helvetica,sans-serif\"><span style=\"color:black\">Đo lường &ndash; hiệu chuẩn</span></span></span></td>\r\n			<td style=\"height:35pt; width:9cm\"><span style=\"font-size:14px\"><span style=\"font-family:Arial,Helvetica,sans-serif\"><span style=\"color:black\">Danxang village, Xaythany district, Vientiane capital, Lao PDR</span></span></span></td>\r\n			<td style=\"height:35pt; width:3cm\"><span style=\"font-size:14px\"><span style=\"font-family:Arial,Helvetica,sans-serif\"><span style=\"color:black\">21/05/2019</span></span></span></td>\r\n		</tr>\r\n	</tbody>\r\n</table>\r\n</div>\r\n</div>\r\n</div>\r\n\r\n<div class=\"field-group-div group-tintuckhung1 uk-width-1-1 uk-width-medium-3-4\">\r\n<div class=\"field field-label-hidden field-name-field-tintuc-gallery field-type-markup\">\r\n<div class=\"field-items\">\r\n<div class=\"even field-item\">&nbsp;</div>\r\n</div>\r\n</div>\r\n\r\n<div class=\"field field-label-hidden field-name-field-chiase field-type-markup\">\r\n<div class=\"field-items\">\r\n<div class=\"even field-item\">\r\n<div style=\"float:right; margin-left:5px\">\r\n<div class=\"g-plusone\">&nbsp;</div>\r\n</div>\r\n\r\n<div class=\"fb-like\" style=\"float:right\">&nbsp;</div>\r\n</div>\r\n</div>\r\n</div>\r\n</div>\r\n</div>\r\n</div>','Danh sách các tổ chức được công nhận mới tháng 5/2019','Danh sách các tổ chức được công nhận mới tháng 5/2019','Danh sách các tổ chức được công nhận mới tháng 5/2019'),
	(7,1,'Khóa học: “Quản lý Phòng xét nghiệm theo tiêu chuẩn ISO 15189:2012” tại Tp. Hồ Chí Minh','Khóa học: “Quản lý Phòng xét nghiệm theo tiêu chuẩn ISO 15189:2012” tại Tp. Hồ Chí Minh','<div class=\"content\">\r\n<div class=\"field-group-div group-khung\">\r\n<div class=\"field field-label-hidden field-name-field-noidung field-type-text-long\">\r\n<div class=\"field-items\">\r\n<div class=\"even field-item\">\r\n<div class=\"rtecenter rteindent1\"><span style=\"font-size:13pt\"><span style=\"font-family:&quot;.VnTime&quot;,sans-serif\"><span style=\"color:#000000\"><strong><em><span style=\"font-family:&quot;Times New Roman&quot;,serif\">K&iacute;nh gửi:</span></em></strong><strong><span style=\"font-family:&quot;Times New Roman&quot;,serif\">&nbsp;C&aacute;c Ph&ograve;ng x&eacute;t&nbsp;nghiệm</span></strong></span></span></span><br />\r\n&nbsp;</div>\r\n\r\n<div class=\"rtejustify\"><span style=\"font-size:13pt\"><span style=\"font-family:&quot;.VnTime&quot;,sans-serif\"><span style=\"color:#000000\"><span style=\"font-size:12pt\"><span style=\"font-family:&quot;Times New Roman&quot;,serif\">Theo chương tr&igrave;nh đ&agrave;o tạo năm 2019, Văn ph&ograve;ng C&ocirc;ng nhận Chất lượng tổ chức kh&oacute;a đ&agrave;o tạo v&agrave;o 5 ng&agrave;y 12 - 16 th&aacute;ng 8 với nội&nbsp;</span></span><span style=\"font-size:12pt\"><span style=\"font-family:&quot;Times New Roman&quot;,serif\">dung &ldquo;<strong><em>Quản l&yacute; Ph&ograve;ng x&eacute;t nghiệm theo ti&ecirc;u chuẩn ISO 15189:2012</em></strong>&rdquo;.</span></span></span></span></span><br />\r\n<span style=\"font-size:13pt\"><span style=\"font-family:&quot;.VnTime&quot;,sans-serif\"><span style=\"color:#000000\"><span style=\"font-size:12pt\"><span style=\"font-family:&quot;Times New Roman&quot;,serif\">Kho&aacute; đ&agrave;o tạo về kỹ năng đ&aacute;nh gi&aacute; nội bộ hỗ trợ PXN tổ chức v&agrave; thực hiện đ&aacute;nh gi&aacute; nội bộ theo y&ecirc;u cầu của ISO 15189:2012. Tham gia kho&aacute; đ&agrave;o tạo học vi&ecirc;n c&oacute; thể nắm được r&otilde; r&agrave;ng tr&aacute;ch nhiệm, c&aacute;ch thức thực hiện, kỹ năng thực hiện đ&aacute;nh gi&aacute; nội bộ. Kh&oacute;a học kh&ocirc;ng chỉ tr&igrave;nh b&agrave;y l&yacute; thuyết về đ&aacute;nh gi&aacute; nội bộ m&agrave; c&ograve;n c&oacute; nhiều b&agrave;i tập thực h&agrave;nh để học vi&ecirc;n tiếp cận với c&aacute;c t&igrave;nh huống khi thực hiện đ&aacute;nh gi&aacute; nội bộ. Khi tiếp cận c&aacute;c t&igrave;nh huống trong thực tế sẽ gi&uacute;p học vi&ecirc;n c&oacute; kinh nghiệm v&agrave; kỹ năng giải quyết c&aacute;c t&igrave;nh huống</span></span><span style=\"font-size:12pt\"><span style=\"font-family:&quot;Times New Roman&quot;,serif\">. Ngo&agrave;i ra k</span></span><span style=\"font-size:12pt\"><span style=\"font-family:&quot;Times New Roman&quot;,serif\">ho&aacute; đ&agrave;o tạo cũng gi&uacute;p học vi&ecirc;n c&oacute; thể tự x&acirc;y dựng c&aacute;c bước thực hiện đ&aacute;nh gi&aacute; phương ph&aacute;p thử mới v&agrave; đang &aacute;p dụng thực hiện tại PXN.</span></span></span></span></span><br />\r\n<span style=\"font-size:13pt\"><span style=\"font-family:&quot;.VnTime&quot;,sans-serif\"><span style=\"color:#000000\"><strong><span style=\"font-size:12pt\"><span style=\"font-family:&quot;Times New Roman&quot;,serif\">Nội dung đ&agrave;o tạo:</span></span></strong></span></span></span><br />\r\n<span style=\"font-size:13pt\"><span style=\"font-family:&quot;.VnTime&quot;,sans-serif\"><span style=\"color:#000000\"><span style=\"font-size:12pt\"><span style=\"font-family:&quot;Times New Roman&quot;,serif\">Ng&agrave;y 12/8/2019: Ti&ecirc;u chuẩn ISO 15189:2012 (MED T02.1)</span></span></span></span></span><br />\r\n<span style=\"font-size:13pt\"><span style=\"font-family:&quot;.VnTime&quot;,sans-serif\"><span style=\"color:#000000\"><span style=\"font-size:12pt\"><span style=\"font-family:&quot;Times New Roman&quot;,serif\">Ng&agrave;y 13/8/2019: X&acirc;y dựng t&agrave;i liệu hệ thống quản l&yacute; PXN (MED T02.2)</span></span></span></span></span><br />\r\n<span style=\"font-size:13pt\"><span style=\"font-family:&quot;.VnTime&quot;,sans-serif\"><span style=\"color:#000000\"><span style=\"font-size:12pt\"><span style=\"font-family:&quot;Times New Roman&quot;,serif\">Ng&agrave;y 14/8/2019: Lựa chọn v&agrave; x&aacute;c nhận gi&aacute; trị sử dụng của phương ph&aacute;p (MED T02.3)</span></span></span></span></span><br />\r\n<span style=\"font-size:13pt\"><span style=\"font-family:&quot;.VnTime&quot;,sans-serif\"><span style=\"color:#000000\"><span style=\"font-size:12pt\"><span style=\"font-family:&quot;Times New Roman&quot;,serif\">Ng&agrave;y 15/8/2019: Độ kh&ocirc;ng đảm bảo đo (MED T02.4)</span></span></span></span></span><br />\r\n<span style=\"font-size:13pt\"><span style=\"font-family:&quot;.VnTime&quot;,sans-serif\"><span style=\"color:#000000\"><span style=\"font-size:12pt\"><span style=\"font-family:&quot;Times New Roman&quot;,serif\">Ng&agrave;y 16/8/2019: Đ&aacute;nh gi&aacute; nội bộ (MED T02.5)</span></span></span></span></span><br />\r\n<span style=\"font-size:13pt\"><span style=\"font-family:&quot;.VnTime&quot;,sans-serif\"><span style=\"color:#000000\"><strong><span style=\"font-size:12pt\"><span style=\"font-family:&quot;Times New Roman&quot;,serif\">Ph&iacute; đ&agrave;o tạo: 5.500.000 đ/ 1 người/ 1 kho&aacute; (1.100.000 đ / 1 người/ 1 ng&agrave;y)</span></span></strong></span></span></span></div>\r\n\r\n<div class=\"rtejustify\"><span style=\"font-size:13pt\"><span style=\"font-family:&quot;.VnTime&quot;,sans-serif\"><span style=\"color:#000000\"><strong><span style=\"font-size:12pt\"><span style=\"font-family:&quot;Times New Roman&quot;,serif\">Địa điểm:&nbsp;&nbsp;&nbsp;&nbsp;&nbsp;&nbsp;&nbsp;&nbsp;&nbsp;&nbsp;&nbsp;&nbsp;&nbsp;&nbsp;&nbsp;&nbsp;&nbsp;&nbsp;&nbsp;&nbsp;&nbsp;&nbsp;Nh&agrave; kh&aacute;ch người c&oacute; c&ocirc;ng&nbsp;&nbsp;&nbsp;&nbsp;&nbsp;&nbsp;&nbsp;&nbsp;&nbsp;&nbsp;&nbsp;&nbsp;&nbsp;&nbsp;&nbsp;&nbsp;&nbsp;&nbsp;&nbsp;&nbsp;&nbsp;&nbsp;&nbsp;&nbsp;&nbsp;&nbsp;&nbsp;&nbsp;&nbsp;&nbsp;&nbsp;&nbsp;&nbsp;&nbsp;&nbsp;&nbsp;&nbsp;&nbsp;&nbsp;&nbsp;&nbsp;&nbsp;&nbsp;&nbsp;&nbsp;&nbsp;&nbsp;&nbsp;&nbsp;&nbsp;&nbsp;&nbsp;&nbsp;&nbsp;&nbsp;&nbsp;&nbsp;&nbsp;&nbsp;&nbsp;&nbsp;&nbsp;&nbsp;&nbsp;&nbsp;&nbsp;&nbsp;&nbsp;&nbsp;&nbsp;&nbsp;&nbsp;&nbsp;&nbsp;&nbsp;&nbsp;&nbsp;&nbsp;&nbsp;&nbsp;&nbsp;&nbsp;&nbsp;&nbsp;&nbsp;&nbsp;&nbsp;&nbsp;&nbsp;&nbsp;&nbsp;&nbsp;&nbsp;&nbsp;&nbsp;&nbsp;&nbsp;&nbsp;&nbsp;&nbsp;&nbsp;&nbsp;&nbsp;&nbsp;&nbsp;&nbsp;&nbsp;&nbsp;&nbsp;&nbsp;&nbsp;&nbsp;&nbsp;&nbsp;&nbsp;&nbsp;&nbsp;&nbsp;&nbsp;&nbsp;&nbsp;&nbsp;&nbsp;&nbsp;&nbsp;</span></span></strong></span></span></span></div>\r\n\r\n<div class=\"rteindent3 rtejustify\"><span style=\"font-size:13pt\"><span style=\"font-family:&quot;.VnTime&quot;,sans-serif\"><span style=\"color:#000000\"><strong><span style=\"font-size:12pt\"><span style=\"font-family:&quot;Times New Roman&quot;,serif\">168 Hai B&agrave; Trưng</span></span></strong><strong><span style=\"font-size:12pt\"><span style=\"font-family:&quot;Times New Roman&quot;,serif\">,&nbsp;</span></span></strong><strong><span style=\"font-size:12pt\"><span style=\"font-family:&quot;Times New Roman&quot;,serif\">Quận 1</span></span></strong><strong><span style=\"font-size:12pt\"><span style=\"font-family:&quot;Times New Roman&quot;,serif\">,&nbsp;</span></span></strong><strong><span style=\"font-size:12pt\"><span style=\"font-family:&quot;Times New Roman&quot;,serif\">Tp</span></span></strong><strong><span style=\"font-size:12pt\"><span style=\"font-family:&quot;Times New Roman&quot;,serif\">.</span></span></strong><strong><span style=\"font-size:12pt\"><span style=\"font-family:&quot;Times New Roman&quot;,serif\">Hồ Ch&iacute; Minh&nbsp;</span></span></strong></span></span></span></div>\r\n\r\n<div class=\"rtejustify\"><span style=\"font-size:13pt\"><span style=\"font-family:&quot;.VnTime&quot;,sans-serif\"><span style=\"color:#000000\"><em><span style=\"font-size:12pt\"><span style=\"font-family:&quot;Times New Roman&quot;,serif\">(Ph&iacute; n&agrave;y đ&atilde; bao gồm t&agrave;i liệu, chứng chỉ, teabreak, ăn trưa)</span></span></em></span></span></span><br />\r\n<span style=\"font-size:13pt\"><span style=\"font-family:&quot;.VnTime&quot;,sans-serif\"><span style=\"color:#000000\"><span style=\"font-size:11pt\"><span style=\"font-family:&quot;Times New Roman&quot;,serif\">(Để đảm bảo chất lượng kh&oacute;a học, Văn ph&ograve;ng CNCL chỉ nhận tối đa 60 học vi&ecirc;n v&agrave; thời hạn đăng k&yacute; trước ng&agrave;y 10/08/2019. Văn ph&ograve;ng CNCL kh&ocirc;ng nhận đăng k&yacute; khi đủ 1 trong 2 điều kiện n&agrave;y)</span></span></span></span></span></div>\r\n<span style=\"font-size:13pt\"><span style=\"font-family:&quot;.VnTime&quot;,sans-serif\"><span style=\"color:#000000\"><span style=\"font-size:12pt\"><span style=\"font-family:&quot;Times New Roman&quot;,serif\">Văn ph&ograve;ng C&ocirc;ng nhận Chất lượng tr&acirc;n trọng k&iacute;nh mời c&aacute;c đơn vị, ph&ograve;ng x&eacute;t nghiệm c&oacute; nhu cầu đăng k&yacute; tham dự lớp học online tại địa chỉ </span></span></span></span></span><a href=\"http://boa.gov.vn/vi/quan-ly-phong-xet-nghiem-theo-tieu-chuan-iso-151892012-1\">http://boa.gov.vn/vi/quan-ly-phong-xet-nghiem-theo-tieu-chuan-iso-151892012-1</a><span style=\"font-size:13pt\"><span style=\"font-family:&quot;.VnTime&quot;,sans-serif\"><span style=\"color:#000000\"><span style=\"font-size:12pt\"><span style=\"font-family:&quot;Times New Roman&quot;,serif\">&nbsp;v&agrave; gửi tới Văn ph&ograve;ng CNCL&nbsp;</span></span><span style=\"font-size:12pt\"><span style=\"font-family:&quot;Times New Roman&quot;,serif\">qua E-mail:&nbsp;<strong><em><span style=\"color:black\"><a href=\"mailto:hoanglan@boa.gov.vn\" style=\"color:#954f72; text-decoration:underline\">hoanglan@boa.gov.vn</a>&nbsp;</span></em></strong><span style=\"color:black\">hoặc điện thoại - Ms Lan: 0903431522&nbsp;</span>trước ng&agrave;y 10/8/2019:</span></span></span></span></span><br />\r\n<br />\r\n<span style=\"font-size:13pt\"><span style=\"font-family:&quot;Times New Roman&quot;,serif\"><strong><span style=\"color:#000000\"><span style=\"font-size:12pt\">Tr&acirc;n trọng.</span></span></strong></span></span><br />\r\n&nbsp;</div>\r\n</div>\r\n</div>\r\n\r\n<div class=\"field-group-div group-tintuckhung1 uk-width-1-1 uk-width-medium-3-4\">\r\n<div class=\"field field-label-hidden field-name-field-tintuc-gallery field-type-markup\">\r\n<div class=\"field-items\">\r\n<div class=\"even field-item\">&nbsp;</div>\r\n</div>\r\n</div>\r\n\r\n<div class=\"field field-label-hidden field-name-field-chiase field-type-markup\">\r\n<div class=\"field-items\">\r\n<div class=\"even field-item\">\r\n<div style=\"float:right; margin-left:5px\">\r\n<div class=\"g-plusone\">&nbsp;</div>\r\n</div>\r\n\r\n<div class=\"fb-like\" style=\"float:right\">&nbsp;</div>\r\n</div>\r\n</div>\r\n</div>\r\n</div>\r\n</div>\r\n</div>','Khóa học: “Quản lý Phòng xét nghiệm theo tiêu chuẩn ISO 15189:2012” tại Tp. Hồ Chí Minh','Khóa học: “Quản lý Phòng xét nghiệm theo tiêu chuẩn ISO 15189:2012” tại Tp. Hồ Chí Minh','Khóa học: “Quản lý Phòng xét nghiệm theo tiêu chuẩn ISO 15189:2012” tại Tp. Hồ Chí Minh'),
	(7,2,'Khóa học: “Quản lý Phòng xét nghiệm theo tiêu chuẩn ISO 15189:2012” tại Tp. Hồ Chí Minh','Khóa học: “Quản lý Phòng xét nghiệm theo tiêu chuẩn ISO 15189:2012” tại Tp. Hồ Chí Minh','<div class=\"content\">\r\n<div class=\"field-group-div group-khung\">\r\n<div class=\"field field-label-hidden field-name-field-noidung field-type-text-long\">\r\n<div class=\"field-items\">\r\n<div class=\"even field-item\">\r\n<div class=\"rtecenter rteindent1\"><span style=\"font-size:13pt\"><span style=\"font-family:&quot;.VnTime&quot;,sans-serif\"><span style=\"color:#000000\"><strong><em><span style=\"font-family:&quot;Times New Roman&quot;,serif\">K&iacute;nh gửi:</span></em></strong><strong><span style=\"font-family:&quot;Times New Roman&quot;,serif\">&nbsp;C&aacute;c Ph&ograve;ng x&eacute;t&nbsp;nghiệm</span></strong></span></span></span><br />\r\n&nbsp;</div>\r\n\r\n<div class=\"rtejustify\"><span style=\"font-size:13pt\"><span style=\"font-family:&quot;.VnTime&quot;,sans-serif\"><span style=\"color:#000000\"><span style=\"font-size:12pt\"><span style=\"font-family:&quot;Times New Roman&quot;,serif\">Theo chương tr&igrave;nh đ&agrave;o tạo năm 2019, Văn ph&ograve;ng C&ocirc;ng nhận Chất lượng tổ chức kh&oacute;a đ&agrave;o tạo v&agrave;o 5 ng&agrave;y 12 - 16 th&aacute;ng 8 với nội&nbsp;</span></span><span style=\"font-size:12pt\"><span style=\"font-family:&quot;Times New Roman&quot;,serif\">dung &ldquo;<strong><em>Quản l&yacute; Ph&ograve;ng x&eacute;t nghiệm theo ti&ecirc;u chuẩn ISO 15189:2012</em></strong>&rdquo;.</span></span></span></span></span><br />\r\n<span style=\"font-size:13pt\"><span style=\"font-family:&quot;.VnTime&quot;,sans-serif\"><span style=\"color:#000000\"><span style=\"font-size:12pt\"><span style=\"font-family:&quot;Times New Roman&quot;,serif\">Kho&aacute; đ&agrave;o tạo về kỹ năng đ&aacute;nh gi&aacute; nội bộ hỗ trợ PXN tổ chức v&agrave; thực hiện đ&aacute;nh gi&aacute; nội bộ theo y&ecirc;u cầu của ISO 15189:2012. Tham gia kho&aacute; đ&agrave;o tạo học vi&ecirc;n c&oacute; thể nắm được r&otilde; r&agrave;ng tr&aacute;ch nhiệm, c&aacute;ch thức thực hiện, kỹ năng thực hiện đ&aacute;nh gi&aacute; nội bộ. Kh&oacute;a học kh&ocirc;ng chỉ tr&igrave;nh b&agrave;y l&yacute; thuyết về đ&aacute;nh gi&aacute; nội bộ m&agrave; c&ograve;n c&oacute; nhiều b&agrave;i tập thực h&agrave;nh để học vi&ecirc;n tiếp cận với c&aacute;c t&igrave;nh huống khi thực hiện đ&aacute;nh gi&aacute; nội bộ. Khi tiếp cận c&aacute;c t&igrave;nh huống trong thực tế sẽ gi&uacute;p học vi&ecirc;n c&oacute; kinh nghiệm v&agrave; kỹ năng giải quyết c&aacute;c t&igrave;nh huống</span></span><span style=\"font-size:12pt\"><span style=\"font-family:&quot;Times New Roman&quot;,serif\">. Ngo&agrave;i ra k</span></span><span style=\"font-size:12pt\"><span style=\"font-family:&quot;Times New Roman&quot;,serif\">ho&aacute; đ&agrave;o tạo cũng gi&uacute;p học vi&ecirc;n c&oacute; thể tự x&acirc;y dựng c&aacute;c bước thực hiện đ&aacute;nh gi&aacute; phương ph&aacute;p thử mới v&agrave; đang &aacute;p dụng thực hiện tại PXN.</span></span></span></span></span><br />\r\n<span style=\"font-size:13pt\"><span style=\"font-family:&quot;.VnTime&quot;,sans-serif\"><span style=\"color:#000000\"><strong><span style=\"font-size:12pt\"><span style=\"font-family:&quot;Times New Roman&quot;,serif\">Nội dung đ&agrave;o tạo:</span></span></strong></span></span></span><br />\r\n<span style=\"font-size:13pt\"><span style=\"font-family:&quot;.VnTime&quot;,sans-serif\"><span style=\"color:#000000\"><span style=\"font-size:12pt\"><span style=\"font-family:&quot;Times New Roman&quot;,serif\">Ng&agrave;y 12/8/2019: Ti&ecirc;u chuẩn ISO 15189:2012 (MED T02.1)</span></span></span></span></span><br />\r\n<span style=\"font-size:13pt\"><span style=\"font-family:&quot;.VnTime&quot;,sans-serif\"><span style=\"color:#000000\"><span style=\"font-size:12pt\"><span style=\"font-family:&quot;Times New Roman&quot;,serif\">Ng&agrave;y 13/8/2019: X&acirc;y dựng t&agrave;i liệu hệ thống quản l&yacute; PXN (MED T02.2)</span></span></span></span></span><br />\r\n<span style=\"font-size:13pt\"><span style=\"font-family:&quot;.VnTime&quot;,sans-serif\"><span style=\"color:#000000\"><span style=\"font-size:12pt\"><span style=\"font-family:&quot;Times New Roman&quot;,serif\">Ng&agrave;y 14/8/2019: Lựa chọn v&agrave; x&aacute;c nhận gi&aacute; trị sử dụng của phương ph&aacute;p (MED T02.3)</span></span></span></span></span><br />\r\n<span style=\"font-size:13pt\"><span style=\"font-family:&quot;.VnTime&quot;,sans-serif\"><span style=\"color:#000000\"><span style=\"font-size:12pt\"><span style=\"font-family:&quot;Times New Roman&quot;,serif\">Ng&agrave;y 15/8/2019: Độ kh&ocirc;ng đảm bảo đo (MED T02.4)</span></span></span></span></span><br />\r\n<span style=\"font-size:13pt\"><span style=\"font-family:&quot;.VnTime&quot;,sans-serif\"><span style=\"color:#000000\"><span style=\"font-size:12pt\"><span style=\"font-family:&quot;Times New Roman&quot;,serif\">Ng&agrave;y 16/8/2019: Đ&aacute;nh gi&aacute; nội bộ (MED T02.5)</span></span></span></span></span><br />\r\n<span style=\"font-size:13pt\"><span style=\"font-family:&quot;.VnTime&quot;,sans-serif\"><span style=\"color:#000000\"><strong><span style=\"font-size:12pt\"><span style=\"font-family:&quot;Times New Roman&quot;,serif\">Ph&iacute; đ&agrave;o tạo: 5.500.000 đ/ 1 người/ 1 kho&aacute; (1.100.000 đ / 1 người/ 1 ng&agrave;y)</span></span></strong></span></span></span></div>\r\n\r\n<div class=\"rtejustify\"><span style=\"font-size:13pt\"><span style=\"font-family:&quot;.VnTime&quot;,sans-serif\"><span style=\"color:#000000\"><strong><span style=\"font-size:12pt\"><span style=\"font-family:&quot;Times New Roman&quot;,serif\">Địa điểm:&nbsp;&nbsp;&nbsp;&nbsp;&nbsp;&nbsp;&nbsp;&nbsp;&nbsp;&nbsp;&nbsp;&nbsp;&nbsp;&nbsp;&nbsp;&nbsp;&nbsp;&nbsp;&nbsp;&nbsp;&nbsp;&nbsp;Nh&agrave; kh&aacute;ch người c&oacute; c&ocirc;ng&nbsp;&nbsp;&nbsp;&nbsp;&nbsp;&nbsp;&nbsp;&nbsp;&nbsp;&nbsp;&nbsp;&nbsp;&nbsp;&nbsp;&nbsp;&nbsp;&nbsp;&nbsp;&nbsp;&nbsp;&nbsp;&nbsp;&nbsp;&nbsp;&nbsp;&nbsp;&nbsp;&nbsp;&nbsp;&nbsp;&nbsp;&nbsp;&nbsp;&nbsp;&nbsp;&nbsp;&nbsp;&nbsp;&nbsp;&nbsp;&nbsp;&nbsp;&nbsp;&nbsp;&nbsp;&nbsp;&nbsp;&nbsp;&nbsp;&nbsp;&nbsp;&nbsp;&nbsp;&nbsp;&nbsp;&nbsp;&nbsp;&nbsp;&nbsp;&nbsp;&nbsp;&nbsp;&nbsp;&nbsp;&nbsp;&nbsp;&nbsp;&nbsp;&nbsp;&nbsp;&nbsp;&nbsp;&nbsp;&nbsp;&nbsp;&nbsp;&nbsp;&nbsp;&nbsp;&nbsp;&nbsp;&nbsp;&nbsp;&nbsp;&nbsp;&nbsp;&nbsp;&nbsp;&nbsp;&nbsp;&nbsp;&nbsp;&nbsp;&nbsp;&nbsp;&nbsp;&nbsp;&nbsp;&nbsp;&nbsp;&nbsp;&nbsp;&nbsp;&nbsp;&nbsp;&nbsp;&nbsp;&nbsp;&nbsp;&nbsp;&nbsp;&nbsp;&nbsp;&nbsp;&nbsp;&nbsp;&nbsp;&nbsp;&nbsp;&nbsp;&nbsp;&nbsp;&nbsp;&nbsp;&nbsp;</span></span></strong></span></span></span></div>\r\n\r\n<div class=\"rteindent3 rtejustify\"><span style=\"font-size:13pt\"><span style=\"font-family:&quot;.VnTime&quot;,sans-serif\"><span style=\"color:#000000\"><strong><span style=\"font-size:12pt\"><span style=\"font-family:&quot;Times New Roman&quot;,serif\">168 Hai B&agrave; Trưng</span></span></strong><strong><span style=\"font-size:12pt\"><span style=\"font-family:&quot;Times New Roman&quot;,serif\">,&nbsp;</span></span></strong><strong><span style=\"font-size:12pt\"><span style=\"font-family:&quot;Times New Roman&quot;,serif\">Quận 1</span></span></strong><strong><span style=\"font-size:12pt\"><span style=\"font-family:&quot;Times New Roman&quot;,serif\">,&nbsp;</span></span></strong><strong><span style=\"font-size:12pt\"><span style=\"font-family:&quot;Times New Roman&quot;,serif\">Tp</span></span></strong><strong><span style=\"font-size:12pt\"><span style=\"font-family:&quot;Times New Roman&quot;,serif\">.</span></span></strong><strong><span style=\"font-size:12pt\"><span style=\"font-family:&quot;Times New Roman&quot;,serif\">Hồ Ch&iacute; Minh&nbsp;</span></span></strong></span></span></span></div>\r\n\r\n<div class=\"rtejustify\"><span style=\"font-size:13pt\"><span style=\"font-family:&quot;.VnTime&quot;,sans-serif\"><span style=\"color:#000000\"><em><span style=\"font-size:12pt\"><span style=\"font-family:&quot;Times New Roman&quot;,serif\">(Ph&iacute; n&agrave;y đ&atilde; bao gồm t&agrave;i liệu, chứng chỉ, teabreak, ăn trưa)</span></span></em></span></span></span><br />\r\n<span style=\"font-size:13pt\"><span style=\"font-family:&quot;.VnTime&quot;,sans-serif\"><span style=\"color:#000000\"><span style=\"font-size:11pt\"><span style=\"font-family:&quot;Times New Roman&quot;,serif\">(Để đảm bảo chất lượng kh&oacute;a học, Văn ph&ograve;ng CNCL chỉ nhận tối đa 60 học vi&ecirc;n v&agrave; thời hạn đăng k&yacute; trước ng&agrave;y 10/08/2019. Văn ph&ograve;ng CNCL kh&ocirc;ng nhận đăng k&yacute; khi đủ 1 trong 2 điều kiện n&agrave;y)</span></span></span></span></span></div>\r\n<span style=\"font-size:13pt\"><span style=\"font-family:&quot;.VnTime&quot;,sans-serif\"><span style=\"color:#000000\"><span style=\"font-size:12pt\"><span style=\"font-family:&quot;Times New Roman&quot;,serif\">Văn ph&ograve;ng C&ocirc;ng nhận Chất lượng tr&acirc;n trọng k&iacute;nh mời c&aacute;c đơn vị, ph&ograve;ng x&eacute;t nghiệm c&oacute; nhu cầu đăng k&yacute; tham dự lớp học online tại địa chỉ </span></span></span></span></span><a href=\"http://boa.gov.vn/vi/quan-ly-phong-xet-nghiem-theo-tieu-chuan-iso-151892012-1\">http://boa.gov.vn/vi/quan-ly-phong-xet-nghiem-theo-tieu-chuan-iso-151892012-1</a><span style=\"font-size:13pt\"><span style=\"font-family:&quot;.VnTime&quot;,sans-serif\"><span style=\"color:#000000\"><span style=\"font-size:12pt\"><span style=\"font-family:&quot;Times New Roman&quot;,serif\">&nbsp;v&agrave; gửi tới Văn ph&ograve;ng CNCL&nbsp;</span></span><span style=\"font-size:12pt\"><span style=\"font-family:&quot;Times New Roman&quot;,serif\">qua E-mail:&nbsp;<strong><em><span style=\"color:black\"><a href=\"mailto:hoanglan@boa.gov.vn\" style=\"color:#954f72; text-decoration:underline\">hoanglan@boa.gov.vn</a>&nbsp;</span></em></strong><span style=\"color:black\">hoặc điện thoại - Ms Lan: 0903431522&nbsp;</span>trước ng&agrave;y 10/8/2019:</span></span></span></span></span><br />\r\n<br />\r\n<span style=\"font-size:13pt\"><span style=\"font-family:&quot;Times New Roman&quot;,serif\"><strong><span style=\"color:#000000\"><span style=\"font-size:12pt\">Tr&acirc;n trọng.</span></span></strong></span></span><br />\r\n&nbsp;</div>\r\n</div>\r\n</div>\r\n\r\n<div class=\"field-group-div group-tintuckhung1 uk-width-1-1 uk-width-medium-3-4\">\r\n<div class=\"field field-label-hidden field-name-field-tintuc-gallery field-type-markup\">\r\n<div class=\"field-items\">\r\n<div class=\"even field-item\">&nbsp;</div>\r\n</div>\r\n</div>\r\n\r\n<div class=\"field field-label-hidden field-name-field-chiase field-type-markup\">\r\n<div class=\"field-items\">\r\n<div class=\"even field-item\">\r\n<div style=\"float:right; margin-left:5px\">\r\n<div class=\"g-plusone\">&nbsp;</div>\r\n</div>\r\n\r\n<div class=\"fb-like\" style=\"float:right\">&nbsp;</div>\r\n</div>\r\n</div>\r\n</div>\r\n</div>\r\n</div>\r\n</div>','Khóa học: “Quản lý Phòng xét nghiệm theo tiêu chuẩn ISO 15189:2012” tại Tp. Hồ Chí Minh','Khóa học: “Quản lý Phòng xét nghiệm theo tiêu chuẩn ISO 15189:2012” tại Tp. Hồ Chí MinhKhóa học: “Quản lý Phòng xét nghiệm theo tiêu chuẩn ISO 15189:2012” tại Tp. Hồ Chí Minh','Khóa học: “Quản lý Phòng xét nghiệm theo tiêu chuẩn ISO 15189:2012” tại Tp. Hồ Chí Minh'),
	(8,1,'Khóa học: “Đo lường học áp dụng trong Tiêu chuẩn ISO/IEC 17025” tại Hà Nội','Khóa học: “Đo lường học áp dụng trong Tiêu chuẩn ISO/IEC 17025” tại Hà Nội','<div class=\"content\">\r\n<div class=\"field-group-div group-khung\">\r\n<div class=\"field field-label-hidden field-name-field-noidung field-type-text-long\">\r\n<div class=\"field-items\">\r\n<div class=\"even field-item\">\r\n<div class=\"rtecenter rteindent1\" style=\"text-align:center\"><span style=\"font-size:13pt\"><span style=\"font-family:&quot;.VnTime&quot;,sans-serif\"><span style=\"color:#000000\"><strong><em><span style=\"font-size:12pt\"><span style=\"font-family:&quot;Times New Roman&quot;,serif\"><span style=\"color:black\">K&iacute;nh gửi:</span></span></span></em></strong><strong>&nbsp;</strong><span style=\"font-size:12pt\"><span style=\"font-family:&quot;Times New Roman&quot;,serif\"><span style=\"color:black\">C&aacute;c Ph&ograve;ng th&iacute; nghiệm</span></span></span></span></span></span></div>\r\n\r\n<div class=\"rtejustify\"><span style=\"font-size:13pt\"><span style=\"font-family:&quot;.VnTime&quot;,sans-serif\"><span style=\"color:#000000\"><span style=\"font-size:12pt\"><span style=\"font-family:&quot;Times New Roman&quot;,serif\"><span style=\"color:black\">Theo chương tr&igrave;nh đ&agrave;o tạo năm 2019, Văn ph&ograve;ng C&ocirc;ng nhận chất lượng sẽ tổ chức kh&oacute;a đ&agrave;o tạo 01 ng&agrave;y&nbsp;<strong>05/07/2019&nbsp;</strong>với nội dung &ldquo;<strong><em>Đo lường học &aacute;p dụng trong Ti&ecirc;u chuẩn ISO/IEC 17025</em></strong>&rdquo;.</span></span></span></span></span></span><br />\r\n<span style=\"font-size:13pt\"><span style=\"font-family:&quot;.VnTime&quot;,sans-serif\"><span style=\"color:#000000\"><span style=\"font-size:12pt\"><span style=\"font-family:&quot;Times New Roman&quot;,serif\"><span style=\"color:black\">Kh&oacute;a đ&agrave;o tạo nhằm mục đ&iacute;ch cung cấp cho học vi&ecirc;n c&aacute;c kiến thức cơ bản về đo lường học sử dụng trong việc x&acirc;y dựng, &aacute;p dụng v&agrave; duy tr&igrave; Hệ thống quản l&yacute; ISO/IEC 17025. Kh&oacute;a học sẽ gi&uacute;p học vi&ecirc;n nắm v&agrave; hiểu r&otilde; c&aacute;c kh&aacute;i niệm cơ bản trong đo lượng học phục vụ cho việc &aacute;p dụng ti&ecirc;u chuẩn ISO/IEC 17025 ch&iacute;nh x&aacute;c v&agrave; ph&ugrave; hợp. Th&ocirc;ng qua đ&oacute;, học vi&ecirc;n c&oacute; thể nhận biết c&aacute;c đặc trưng kỹ thuật v&agrave; đo lường cơ bản của chuẩn đo lường, phương ti&ecirc;n đo. Học vi&ecirc;n sẽ hiểu về c&aacute;c biện ph&aacute;p đảm bảo độ ch&iacute;nh x&aacute;c của chuẩn đo lường, phương tiện đo/thử nghiệm; vấn đề li&ecirc;n kết chuẩn, chu kỳ hiệu chuẩn v&agrave; x&acirc;y dựng sơ đồ li&ecirc;n kết chuẩn. Đối tượng tham dự l&agrave; c&aacute;c c&aacute;n bộ l&agrave;m c&ocirc;ng t&aacute;c quản l&yacute;, kỹ thuật v&agrave; nh&acirc;n vi&ecirc;n.</span></span></span></span></span></span><br />\r\n<span style=\"font-size:13pt\"><span style=\"font-family:&quot;.VnTime&quot;,sans-serif\"><span style=\"color:#000000\"><strong><span style=\"font-size:12pt\"><span style=\"font-family:&quot;Times New Roman&quot;,serif\"><span style=\"color:black\">Thời gian học</span></span></span></strong><span style=\"font-size:12pt\"><span style=\"font-family:&quot;Times New Roman&quot;,serif\"><span style=\"color:black\">:</span></span></span><strong><span style=\"font-size:12pt\"><span style=\"font-family:&quot;Times New Roman&quot;,serif\"><span style=\"color:black\"> 8h00 &ndash; 17h00</span></span></span></strong><span style=\"font-size:12pt\"><span style=\"font-family:&quot;Times New Roman&quot;,serif\"><span style=\"color:black\">h&agrave;ng ng&agrave;y</span></span></span></span></span></span><br />\r\n<span style=\"font-size:13pt\"><span style=\"font-family:&quot;.VnTime&quot;,sans-serif\"><span style=\"color:#000000\"><strong><span style=\"font-size:12pt\"><span style=\"font-family:&quot;Times New Roman&quot;,serif\"><span style=\"color:black\">Ph&iacute; đ&agrave;o tạo</span></span></span></strong><span style=\"font-size:12pt\"><span style=\"font-family:&quot;Times New Roman&quot;,serif\"><span style=\"color:black\">:</span></span></span><strong><span style=\"font-size:12pt\"><span style=\"font-family:&quot;Times New Roman&quot;,serif\"><span style=\"color:black\"> 1.000.000 đ</span></span></span></strong><span style=\"font-size:12pt\"><span style=\"font-family:&quot;Times New Roman&quot;,serif\"><span style=\"color:black\">/&nbsp;<strong>1 người</strong>/&nbsp;<strong>1 kho&aacute;</strong>(<strong>1.000.000 đ</strong>/&nbsp;<strong>1 người/ 1 ng&agrave;y</strong>)</span></span></span></span></span></span><br />\r\n<span style=\"font-size:13pt\"><span style=\"font-family:&quot;.VnTime&quot;,sans-serif\"><span style=\"color:#000000\"><em><span style=\"font-size:12pt\"><span style=\"font-family:&quot;Times New Roman&quot;,serif\"><span style=\"color:black\">(Ph&iacute; n&agrave;y đ&atilde; bao gồm t&agrave;i liệu, chứng chỉ, teabreak, ăn trưa v&agrave; thuế VAT 5%)</span></span></span></em></span></span></span><br />\r\n<span style=\"font-size:13pt\"><span style=\"font-family:&quot;.VnTime&quot;,sans-serif\"><span style=\"color:#000000\"><strong><span style=\"font-size:12pt\"><span style=\"font-family:&quot;Times New Roman&quot;,serif\"><span style=\"color:black\">Địa điểm</span></span></span></strong><span style=\"font-size:12pt\"><span style=\"font-family:&quot;Times New Roman&quot;,serif\"><span style=\"color:black\">:</span></span></span><strong><span style=\"font-size:12pt\"><span style=\"font-family:&quot;Times New Roman&quot;,serif\"><span style=\"color:black\">&nbsp;</span></span></span></strong><strong><span style=\"font-size:11.5pt\"><span style=\"font-family:&quot;Times New Roman&quot;,serif\"><span style=\"color:black\"><span style=\"background-color:white\">Văn ph&ograve;ng C&ocirc;ng nhận chất lượng&nbsp;</span></span></span></span></strong></span></span></span><br />\r\n<span style=\"font-size:13pt\"><span style=\"font-family:&quot;.VnTime&quot;,sans-serif\"><span style=\"color:#000000\"><strong><span style=\"font-size:11.5pt\"><span style=\"font-family:&quot;Times New Roman&quot;,serif\"><span style=\"color:black\">Số 8 Ho&agrave;ng Quốc Việt, Q. Cầu Giấy,&nbsp;&nbsp;TP. H&agrave; Nội</span></span></span></strong><span style=\"font-size:11.5pt\"><span style=\"font-family:&quot;Times New Roman&quot;,serif\"><span style=\"color:black\">.</span></span></span></span></span></span><br />\r\n<span style=\"font-size:13pt\"><span style=\"font-family:&quot;.VnTime&quot;,sans-serif\"><span style=\"color:#000000\"><em><span style=\"font-size:12pt\"><span style=\"font-family:&quot;Times New Roman&quot;,serif\"><span style=\"color:black\">(Lưu &yacute;: Số lượng học vi&ecirc;n 40 người/lớp, Văn ph&ograve;ng C&ocirc;ng nhận chất lượng kh&ocirc;ng nhận đăng k&yacute; khi đ&atilde; đủ học vi&ecirc;n)</span></span></span></em></span></span></span><br />\r\n<span style=\"font-size:13pt\"><span style=\"font-family:&quot;.VnTime&quot;,sans-serif\"><span style=\"color:#000000\"><span style=\"font-size:12pt\"><span style=\"font-family:&quot;Times New Roman&quot;,serif\"><span style=\"color:black\">Văn ph&ograve;ng C&ocirc;ng nhận chất lượng tr&acirc;n trọng k&iacute;nh mời c&aacute;c đơn vị, ph&ograve;ng th&iacute; nghiệm đăng k&yacute; tham dự lớp học theo biểu mẫu &ldquo;<a href=\"/sites/default/files/phieudangky050719.doc\"><strong><em>Phiếu đăng k&yacute; tham dự đ&agrave;o tạo</em></strong></a>&rdquo; v&agrave; gửi tới Văn ph&ograve;ng </span></span></span><em><span style=\"font-size:12pt\"><span style=\"font-family:&quot;Times New Roman&quot;,serif\"><span style=\"color:black\">C&ocirc;ng nhận chất lượng</span></span></span></em><span style=\"font-size:12pt\"><span style=\"font-family:&quot;Times New Roman&quot;,serif\"><span style=\"color:black\"> bằng thư, e-mail dưới đ&acirc;y trước ng&agrave;y&nbsp;</span></span></span><strong><span style=\"font-size:12pt\"><span style=\"font-family:&quot;Times New Roman&quot;,serif\"><span style=\"color:black\">01/07</span></span></span></strong><strong><span style=\"font-size:12pt\"><span style=\"font-family:&quot;Times New Roman&quot;,serif\"><span style=\"color:black\">/201</span></span></span></strong><strong><span style=\"font-size:12pt\"><span style=\"font-family:&quot;Times New Roman&quot;,serif\"><span style=\"color:black\">9</span></span></span></strong><span style=\"font-size:12pt\"><span style=\"font-family:&quot;Times New Roman&quot;,serif\"><span style=\"color:black\">.</span></span></span></span></span></span></div>\r\n\r\n<div class=\"rtecenter rteindent1\"><span style=\"font-size:13pt\"><span style=\"font-family:&quot;Times New Roman&quot;,serif\"><strong><span style=\"color:#000000\"><em><span style=\"font-size:12pt\"><span style=\"color:black\">Văn ph&ograve;ng C&ocirc;ng nhận chất lượng &ndash; Số 8 Ho&agrave;ng Quốc Việt, Cầu Giấy, H&agrave; Nội</span></span></em></span></strong></span></span><br />\r\n<span style=\"font-size:13pt\"><span style=\"font-family:&quot;Times New Roman&quot;,serif\"><strong><span style=\"color:#000000\"><em><span style=\"font-size:12pt\"><span style=\"color:black\">Ms. C&ocirc;ng Hồng Anh&nbsp;&nbsp;-&nbsp;&nbsp;&nbsp;Tel: 024 3791 1952/Ext.22&nbsp;&nbsp;-&nbsp;&nbsp;</span></span></em><em><span style=\"font-size:12pt\"><span style=\"color:black\">Fax: 024 3791 1551&nbsp;&nbsp;</span></span></em></span></strong></span></span><br />\r\n<span style=\"font-size:13pt\"><span style=\"font-family:&quot;Times New Roman&quot;,serif\"><strong><span style=\"color:#000000\"><em><span style=\"font-size:12pt\"><span style=\"color:black\">Mobile: 098 431 1850&nbsp;&nbsp;</span></span></em><em><span style=\"font-size:12pt\"><span style=\"color:black\">-&nbsp;&nbsp;E-mail:&nbsp;<a href=\"mailto:anh.ch@boa.gov.vn\" style=\"color:#954f72; text-decoration:underline\">anh.ch@boa.gov.vn</a></span></span></em></span></strong></span></span></div>\r\n<br />\r\n<span style=\"font-size:13pt\"><span style=\"font-family:&quot;Times New Roman&quot;,serif\"><strong><span style=\"color:#000000\">&nbsp;&nbsp;&nbsp;&nbsp;&nbsp;&nbsp;&nbsp;&nbsp;&nbsp;&nbsp;&nbsp;&nbsp;<span style=\"font-size:12.5pt\"><span style=\"color:black\">Tr&acirc;n trọng.</span></span></span></strong></span></span><br />\r\n&nbsp;</div>\r\n</div>\r\n</div>\r\n\r\n<div class=\"field-group-div group-tintuckhung1 uk-width-1-1 uk-width-medium-3-4\">\r\n<div class=\"field field-label-hidden field-name-field-tintuc-gallery field-type-markup\">\r\n<div class=\"field-items\">\r\n<div class=\"even field-item\">&nbsp;</div>\r\n</div>\r\n</div>\r\n\r\n<div class=\"field field-label-hidden field-name-field-chiase field-type-markup\">\r\n<div class=\"field-items\">\r\n<div class=\"even field-item\">\r\n<div style=\"float:right; margin-left:5px\">\r\n<div class=\"g-plusone\">&nbsp;</div>\r\n</div>\r\n\r\n<div class=\"fb-like\" style=\"float:right\">&nbsp;</div>\r\n</div>\r\n</div>\r\n</div>\r\n</div>\r\n</div>\r\n</div>','Khóa học: “Đo lường học áp dụng trong Tiêu chuẩn ISO/IEC 17025” tại Hà Nội','Khóa học: “Đo lường học áp dụng trong Tiêu chuẩn ISO/IEC 17025” tại Hà Nội','Khóa học: “Đo lường học áp dụng trong Tiêu chuẩn ISO/IEC 17025” tại Hà Nội'),
	(8,2,'Khóa học: “Đo lường học áp dụng trong Tiêu chuẩn ISO/IEC 17025” tại Hà Nội','Khóa học: “Đo lường học áp dụng trong Tiêu chuẩn ISO/IEC 17025” tại Hà Nội','<div class=\"content\">\r\n<div class=\"field-group-div group-khung\">\r\n<div class=\"field field-label-hidden field-name-field-noidung field-type-text-long\">\r\n<div class=\"field-items\">\r\n<div class=\"even field-item\">\r\n<div class=\"rtecenter rteindent1\" style=\"text-align:center\"><span style=\"font-size:13pt\"><span style=\"font-family:&quot;.VnTime&quot;,sans-serif\"><span style=\"color:#000000\"><strong><em><span style=\"font-size:12pt\"><span style=\"font-family:&quot;Times New Roman&quot;,serif\"><span style=\"color:black\">K&iacute;nh gửi:</span></span></span></em></strong><strong>&nbsp;</strong><span style=\"font-size:12pt\"><span style=\"font-family:&quot;Times New Roman&quot;,serif\"><span style=\"color:black\">C&aacute;c Ph&ograve;ng th&iacute; nghiệm</span></span></span></span></span></span></div>\r\n\r\n<div class=\"rtejustify\"><span style=\"font-size:13pt\"><span style=\"font-family:&quot;.VnTime&quot;,sans-serif\"><span style=\"color:#000000\"><span style=\"font-size:12pt\"><span style=\"font-family:&quot;Times New Roman&quot;,serif\"><span style=\"color:black\">Theo chương tr&igrave;nh đ&agrave;o tạo năm 2019, Văn ph&ograve;ng C&ocirc;ng nhận chất lượng sẽ tổ chức kh&oacute;a đ&agrave;o tạo 01 ng&agrave;y&nbsp;<strong>05/07/2019&nbsp;</strong>với nội dung &ldquo;<strong><em>Đo lường học &aacute;p dụng trong Ti&ecirc;u chuẩn ISO/IEC 17025</em></strong>&rdquo;.</span></span></span></span></span></span><br />\r\n<span style=\"font-size:13pt\"><span style=\"font-family:&quot;.VnTime&quot;,sans-serif\"><span style=\"color:#000000\"><span style=\"font-size:12pt\"><span style=\"font-family:&quot;Times New Roman&quot;,serif\"><span style=\"color:black\">Kh&oacute;a đ&agrave;o tạo nhằm mục đ&iacute;ch cung cấp cho học vi&ecirc;n c&aacute;c kiến thức cơ bản về đo lường học sử dụng trong việc x&acirc;y dựng, &aacute;p dụng v&agrave; duy tr&igrave; Hệ thống quản l&yacute; ISO/IEC 17025. Kh&oacute;a học sẽ gi&uacute;p học vi&ecirc;n nắm v&agrave; hiểu r&otilde; c&aacute;c kh&aacute;i niệm cơ bản trong đo lượng học phục vụ cho việc &aacute;p dụng ti&ecirc;u chuẩn ISO/IEC 17025 ch&iacute;nh x&aacute;c v&agrave; ph&ugrave; hợp. Th&ocirc;ng qua đ&oacute;, học vi&ecirc;n c&oacute; thể nhận biết c&aacute;c đặc trưng kỹ thuật v&agrave; đo lường cơ bản của chuẩn đo lường, phương ti&ecirc;n đo. Học vi&ecirc;n sẽ hiểu về c&aacute;c biện ph&aacute;p đảm bảo độ ch&iacute;nh x&aacute;c của chuẩn đo lường, phương tiện đo/thử nghiệm; vấn đề li&ecirc;n kết chuẩn, chu kỳ hiệu chuẩn v&agrave; x&acirc;y dựng sơ đồ li&ecirc;n kết chuẩn. Đối tượng tham dự l&agrave; c&aacute;c c&aacute;n bộ l&agrave;m c&ocirc;ng t&aacute;c quản l&yacute;, kỹ thuật v&agrave; nh&acirc;n vi&ecirc;n.</span></span></span></span></span></span><br />\r\n<span style=\"font-size:13pt\"><span style=\"font-family:&quot;.VnTime&quot;,sans-serif\"><span style=\"color:#000000\"><strong><span style=\"font-size:12pt\"><span style=\"font-family:&quot;Times New Roman&quot;,serif\"><span style=\"color:black\">Thời gian học</span></span></span></strong><span style=\"font-size:12pt\"><span style=\"font-family:&quot;Times New Roman&quot;,serif\"><span style=\"color:black\">:</span></span></span><strong><span style=\"font-size:12pt\"><span style=\"font-family:&quot;Times New Roman&quot;,serif\"><span style=\"color:black\"> 8h00 &ndash; 17h00</span></span></span></strong><span style=\"font-size:12pt\"><span style=\"font-family:&quot;Times New Roman&quot;,serif\"><span style=\"color:black\">h&agrave;ng ng&agrave;y</span></span></span></span></span></span><br />\r\n<span style=\"font-size:13pt\"><span style=\"font-family:&quot;.VnTime&quot;,sans-serif\"><span style=\"color:#000000\"><strong><span style=\"font-size:12pt\"><span style=\"font-family:&quot;Times New Roman&quot;,serif\"><span style=\"color:black\">Ph&iacute; đ&agrave;o tạo</span></span></span></strong><span style=\"font-size:12pt\"><span style=\"font-family:&quot;Times New Roman&quot;,serif\"><span style=\"color:black\">:</span></span></span><strong><span style=\"font-size:12pt\"><span style=\"font-family:&quot;Times New Roman&quot;,serif\"><span style=\"color:black\"> 1.000.000 đ</span></span></span></strong><span style=\"font-size:12pt\"><span style=\"font-family:&quot;Times New Roman&quot;,serif\"><span style=\"color:black\">/&nbsp;<strong>1 người</strong>/&nbsp;<strong>1 kho&aacute;</strong>(<strong>1.000.000 đ</strong>/&nbsp;<strong>1 người/ 1 ng&agrave;y</strong>)</span></span></span></span></span></span><br />\r\n<span style=\"font-size:13pt\"><span style=\"font-family:&quot;.VnTime&quot;,sans-serif\"><span style=\"color:#000000\"><em><span style=\"font-size:12pt\"><span style=\"font-family:&quot;Times New Roman&quot;,serif\"><span style=\"color:black\">(Ph&iacute; n&agrave;y đ&atilde; bao gồm t&agrave;i liệu, chứng chỉ, teabreak, ăn trưa v&agrave; thuế VAT 5%)</span></span></span></em></span></span></span><br />\r\n<span style=\"font-size:13pt\"><span style=\"font-family:&quot;.VnTime&quot;,sans-serif\"><span style=\"color:#000000\"><strong><span style=\"font-size:12pt\"><span style=\"font-family:&quot;Times New Roman&quot;,serif\"><span style=\"color:black\">Địa điểm</span></span></span></strong><span style=\"font-size:12pt\"><span style=\"font-family:&quot;Times New Roman&quot;,serif\"><span style=\"color:black\">:</span></span></span><strong><span style=\"font-size:12pt\"><span style=\"font-family:&quot;Times New Roman&quot;,serif\"><span style=\"color:black\">&nbsp;</span></span></span></strong><strong><span style=\"font-size:11.5pt\"><span style=\"font-family:&quot;Times New Roman&quot;,serif\"><span style=\"color:black\"><span style=\"background-color:white\">Văn ph&ograve;ng C&ocirc;ng nhận chất lượng&nbsp;</span></span></span></span></strong></span></span></span><br />\r\n<span style=\"font-size:13pt\"><span style=\"font-family:&quot;.VnTime&quot;,sans-serif\"><span style=\"color:#000000\"><strong><span style=\"font-size:11.5pt\"><span style=\"font-family:&quot;Times New Roman&quot;,serif\"><span style=\"color:black\">Số 8 Ho&agrave;ng Quốc Việt, Q. Cầu Giấy,&nbsp;&nbsp;TP. H&agrave; Nội</span></span></span></strong><span style=\"font-size:11.5pt\"><span style=\"font-family:&quot;Times New Roman&quot;,serif\"><span style=\"color:black\">.</span></span></span></span></span></span><br />\r\n<span style=\"font-size:13pt\"><span style=\"font-family:&quot;.VnTime&quot;,sans-serif\"><span style=\"color:#000000\"><em><span style=\"font-size:12pt\"><span style=\"font-family:&quot;Times New Roman&quot;,serif\"><span style=\"color:black\">(Lưu &yacute;: Số lượng học vi&ecirc;n 40 người/lớp, Văn ph&ograve;ng C&ocirc;ng nhận chất lượng kh&ocirc;ng nhận đăng k&yacute; khi đ&atilde; đủ học vi&ecirc;n)</span></span></span></em></span></span></span><br />\r\n<span style=\"font-size:13pt\"><span style=\"font-family:&quot;.VnTime&quot;,sans-serif\"><span style=\"color:#000000\"><span style=\"font-size:12pt\"><span style=\"font-family:&quot;Times New Roman&quot;,serif\"><span style=\"color:black\">Văn ph&ograve;ng C&ocirc;ng nhận chất lượng tr&acirc;n trọng k&iacute;nh mời c&aacute;c đơn vị, ph&ograve;ng th&iacute; nghiệm đăng k&yacute; tham dự lớp học theo biểu mẫu &ldquo;<a href=\"/sites/default/files/phieudangky050719.doc\"><strong><em>Phiếu đăng k&yacute; tham dự đ&agrave;o tạo</em></strong></a>&rdquo; v&agrave; gửi tới Văn ph&ograve;ng </span></span></span><em><span style=\"font-size:12pt\"><span style=\"font-family:&quot;Times New Roman&quot;,serif\"><span style=\"color:black\">C&ocirc;ng nhận chất lượng</span></span></span></em><span style=\"font-size:12pt\"><span style=\"font-family:&quot;Times New Roman&quot;,serif\"><span style=\"color:black\"> bằng thư, e-mail dưới đ&acirc;y trước ng&agrave;y&nbsp;</span></span></span><strong><span style=\"font-size:12pt\"><span style=\"font-family:&quot;Times New Roman&quot;,serif\"><span style=\"color:black\">01/07</span></span></span></strong><strong><span style=\"font-size:12pt\"><span style=\"font-family:&quot;Times New Roman&quot;,serif\"><span style=\"color:black\">/201</span></span></span></strong><strong><span style=\"font-size:12pt\"><span style=\"font-family:&quot;Times New Roman&quot;,serif\"><span style=\"color:black\">9</span></span></span></strong><span style=\"font-size:12pt\"><span style=\"font-family:&quot;Times New Roman&quot;,serif\"><span style=\"color:black\">.</span></span></span></span></span></span></div>\r\n\r\n<div class=\"rtecenter rteindent1\"><span style=\"font-size:13pt\"><span style=\"font-family:&quot;Times New Roman&quot;,serif\"><strong><span style=\"color:#000000\"><em><span style=\"font-size:12pt\"><span style=\"color:black\">Văn ph&ograve;ng C&ocirc;ng nhận chất lượng &ndash; Số 8 Ho&agrave;ng Quốc Việt, Cầu Giấy, H&agrave; Nội</span></span></em></span></strong></span></span><br />\r\n<span style=\"font-size:13pt\"><span style=\"font-family:&quot;Times New Roman&quot;,serif\"><strong><span style=\"color:#000000\"><em><span style=\"font-size:12pt\"><span style=\"color:black\">Ms. C&ocirc;ng Hồng Anh&nbsp;&nbsp;-&nbsp;&nbsp;&nbsp;Tel: 024 3791 1952/Ext.22&nbsp;&nbsp;-&nbsp;&nbsp;</span></span></em><em><span style=\"font-size:12pt\"><span style=\"color:black\">Fax: 024 3791 1551&nbsp;&nbsp;</span></span></em></span></strong></span></span><br />\r\n<span style=\"font-size:13pt\"><span style=\"font-family:&quot;Times New Roman&quot;,serif\"><strong><span style=\"color:#000000\"><em><span style=\"font-size:12pt\"><span style=\"color:black\">Mobile: 098 431 1850&nbsp;&nbsp;</span></span></em><em><span style=\"font-size:12pt\"><span style=\"color:black\">-&nbsp;&nbsp;E-mail:&nbsp;<a href=\"mailto:anh.ch@boa.gov.vn\" style=\"color:#954f72; text-decoration:underline\">anh.ch@boa.gov.vn</a></span></span></em></span></strong></span></span></div>\r\n<br />\r\n<span style=\"font-size:13pt\"><span style=\"font-family:&quot;Times New Roman&quot;,serif\"><strong><span style=\"color:#000000\">&nbsp;&nbsp;&nbsp;&nbsp;&nbsp;&nbsp;&nbsp;&nbsp;&nbsp;&nbsp;&nbsp;&nbsp;<span style=\"font-size:12.5pt\"><span style=\"color:black\">Tr&acirc;n trọng.</span></span></span></strong></span></span><br />\r\n&nbsp;</div>\r\n</div>\r\n</div>\r\n\r\n<div class=\"field-group-div group-tintuckhung1 uk-width-1-1 uk-width-medium-3-4\">\r\n<div class=\"field field-label-hidden field-name-field-tintuc-gallery field-type-markup\">\r\n<div class=\"field-items\">\r\n<div class=\"even field-item\">&nbsp;</div>\r\n</div>\r\n</div>\r\n\r\n<div class=\"field field-label-hidden field-name-field-chiase field-type-markup\">\r\n<div class=\"field-items\">\r\n<div class=\"even field-item\">\r\n<div style=\"float:right; margin-left:5px\">\r\n<div class=\"g-plusone\">&nbsp;</div>\r\n</div>\r\n\r\n<div class=\"fb-like\" style=\"float:right\">&nbsp;</div>\r\n</div>\r\n</div>\r\n</div>\r\n</div>\r\n</div>\r\n</div>','Khóa học: “Đo lường học áp dụng trong Tiêu chuẩn ISO/IEC 17025” tại Hà Nội','Khóa học: “Đo lường học áp dụng trong Tiêu chuẩn ISO/IEC 17025” tại Hà Nội','Khóa học: “Đo lường học áp dụng trong Tiêu chuẩn ISO/IEC 17025” tại Hà Nội'),
	(10,1,'Khóa học: “Tiêu chuẩn ISO/IEC 17025:2017” tại Hà Nội','Khóa học: “Tiêu chuẩn ISO/IEC 17025:2017” tại Hà Nội','<div class=\"content\">\r\n<div class=\"field-group-div group-khung\">\r\n<div class=\"field field-label-hidden field-name-field-noidung field-type-text-long\">\r\n<div class=\"field-items\">\r\n<div class=\"even field-item\">\r\n<div class=\"rtecenter\"><span style=\"font-size:13pt\"><span style=\"font-family:&quot;.VnTime&quot;,sans-serif\"><span style=\"color:#000000\"><strong><em><span style=\"font-size:12pt\"><span style=\"font-family:&quot;Times New Roman&quot;,serif\"><span style=\"color:black\">K&iacute;nh gửi:</span></span></span></em></strong><strong>&nbsp;</strong><span style=\"font-size:12pt\"><span style=\"font-family:&quot;Times New Roman&quot;,serif\"><span style=\"color:black\">C&aacute;c Ph&ograve;ng th&iacute; nghiệm</span></span></span></span></span></span></div>\r\n\r\n<div class=\"rtejustify\"><span style=\"font-size:13pt\"><span style=\"font-family:&quot;.VnTime&quot;,sans-serif\"><span style=\"color:#000000\"><span style=\"font-size:12pt\"><span style=\"font-family:&quot;Times New Roman&quot;,serif\"><span style=\"color:black\">Theo chương tr&igrave;nh đ&agrave;o tạo năm 2019, Văn ph&ograve;ng C&ocirc;ng nhận chất lượng sẽ tổ chức kh&oacute;a đ&agrave;o tạo 01 ng&agrave;y&nbsp;<strong>04/07/2019&nbsp;</strong>với nội dung &ldquo;<strong><em>Ti&ecirc;u chuẩn ISO/IEC 17025:2017</em></strong>&rdquo;.</span></span></span></span></span></span><br />\r\n<span style=\"font-size:13pt\"><span style=\"font-family:&quot;.VnTime&quot;,sans-serif\"><span style=\"color:#000000\"><span style=\"font-size:12pt\"><span style=\"font-family:&quot;Times New Roman&quot;,serif\"><span style=\"color:black\">Kh&oacute;a đ&agrave;o tạo sẽ cung cấp cho học vi&ecirc;n c&aacute;ch tiếp cận đơn giản v&agrave; hiệu quả nhất để x&acirc;y dựng v&agrave; &aacute;p dụng hệ thống quản l&yacute; ph&ograve;ng th&iacute; nghiệm theo ti&ecirc;u chuẩn ISO/IEC 17025:2017. Đối tượng tham dự l&agrave; c&aacute;c c&aacute;n bộ l&agrave;m c&ocirc;ng t&aacute;c quản l&yacute;, kỹ thuật v&agrave; nh&acirc;n vi&ecirc;n.</span></span></span></span></span></span><br />\r\n<span style=\"font-size:13pt\"><span style=\"font-family:&quot;.VnTime&quot;,sans-serif\"><span style=\"color:#000000\"><strong><span style=\"font-size:12pt\"><span style=\"font-family:&quot;Times New Roman&quot;,serif\"><span style=\"color:black\">Thời gian học: 8h00 &ndash; 17h00&nbsp;</span></span></span></strong><span style=\"font-size:12pt\"><span style=\"font-family:&quot;Times New Roman&quot;,serif\"><span style=\"color:black\">h&agrave;ng ng&agrave;y</span></span></span></span></span></span><br />\r\n<span style=\"font-size:13pt\"><span style=\"font-family:&quot;.VnTime&quot;,sans-serif\"><span style=\"color:#000000\"><strong><span style=\"font-size:12pt\"><span style=\"font-family:&quot;Times New Roman&quot;,serif\"><span style=\"color:black\">Ph&iacute; đ&agrave;o tạo: 800.000 đ</span></span></span></strong><span style=\"font-size:12pt\"><span style=\"font-family:&quot;Times New Roman&quot;,serif\"><span style=\"color:black\">/&nbsp;<strong>1 người</strong>/&nbsp;<strong>1 kho&aacute;&nbsp;</strong>(<strong>800.000 đ</strong>/&nbsp;<strong>1 người/ 1 ng&agrave;y</strong>)</span></span></span></span></span></span><br />\r\n<span style=\"font-size:13pt\"><span style=\"font-family:&quot;.VnTime&quot;,sans-serif\"><span style=\"color:#000000\"><em><span style=\"font-size:12pt\"><span style=\"font-family:&quot;Times New Roman&quot;,serif\"><span style=\"color:black\">(Ph&iacute; n&agrave;y đ&atilde; bao gồm t&agrave;i liệu, chứng chỉ, teabreak, ăn trưa v&agrave; thuế VAT 5%)</span></span></span></em></span></span></span><br />\r\n<span style=\"font-size:13pt\"><span style=\"font-family:&quot;.VnTime&quot;,sans-serif\"><span style=\"color:#000000\"><strong><span style=\"font-size:12pt\"><span style=\"font-family:&quot;Times New Roman&quot;,serif\"><span style=\"color:black\">Địa điểm:&nbsp;</span></span></span></strong><strong><span style=\"font-size:11.5pt\"><span style=\"font-family:&quot;Times New Roman&quot;,serif\"><span style=\"color:black\"><span style=\"background-color:white\">Văn ph&ograve;ng c&ocirc;ng nhận chất lượng&nbsp;</span></span></span></span></strong></span></span></span><br />\r\n<span style=\"font-size:13pt\"><span style=\"font-family:&quot;.VnTime&quot;,sans-serif\"><span style=\"color:#000000\"><strong><span style=\"font-size:11.5pt\"><span style=\"font-family:&quot;Times New Roman&quot;,serif\"><span style=\"color:black\">Số 8 Ho&agrave;ng Quốc Việt, Q. Cầu Giấy,&nbsp;&nbsp;TP. H&agrave; Nội</span></span></span></strong><span style=\"font-size:11.5pt\"><span style=\"font-family:&quot;Times New Roman&quot;,serif\"><span style=\"color:black\">.</span></span></span></span></span></span><br />\r\n<span style=\"font-size:13pt\"><span style=\"font-family:&quot;.VnTime&quot;,sans-serif\"><span style=\"color:#000000\"><em><span style=\"font-size:12pt\"><span style=\"font-family:&quot;Times New Roman&quot;,serif\"><span style=\"color:black\">(Lưu &yacute;:&nbsp;</span></span></span></em><em><span style=\"font-size:12pt\"><span style=\"font-family:&quot;Times New Roman&quot;,serif\"><span style=\"color:black\">Số lượng học vi&ecirc;n 40 người/lớp, Văn ph&ograve;ng C&ocirc;ng nhận chất lượng kh&ocirc;ng nhận đăng k&yacute; khi đ&atilde; đủ học vi&ecirc;n)</span></span></span></em></span></span></span><br />\r\n<span style=\"font-size:13pt\"><span style=\"font-family:&quot;.VnTime&quot;,sans-serif\"><span style=\"color:#000000\"><span style=\"font-size:12pt\"><span style=\"font-family:&quot;Times New Roman&quot;,serif\"><span style=\"color:black\">Văn ph&ograve;ng C&ocirc;ng nhận chất lượng tr&acirc;n trọng k&iacute;nh mời c&aacute;c đơn vị, ph&ograve;ng th&iacute; nghiệm đăng k&yacute; tham dự lớp học theo biểu mẫu &ldquo;<a href=\"/sites/default/files/phieudangky030719.doc\"><strong><em>Phiếu đăng k&yacute; tham dự đ&agrave;o tạo</em></strong></a>&rdquo; v&agrave; gửi tới </span></span></span><em><span style=\"font-size:12pt\"><span style=\"font-family:&quot;Times New Roman&quot;,serif\"><span style=\"color:black\">Văn ph&ograve;ng C&ocirc;ng nhận chất lượng</span></span></span></em><span style=\"font-size:12pt\"><span style=\"font-family:&quot;Times New Roman&quot;,serif\"><span style=\"color:black\"> bằng thư, e-mail dưới đ&acirc;y trước ng&agrave;y&nbsp;</span></span></span><strong><span style=\"font-size:12pt\"><span style=\"font-family:&quot;Times New Roman&quot;,serif\"><span style=\"color:black\">01/07</span></span></span></strong><strong><span style=\"font-size:12pt\"><span style=\"font-family:&quot;Times New Roman&quot;,serif\"><span style=\"color:black\">/201</span></span></span></strong><strong><span style=\"font-size:12pt\"><span style=\"font-family:&quot;Times New Roman&quot;,serif\"><span style=\"color:black\">9</span></span></span></strong><span style=\"font-size:12pt\"><span style=\"font-family:&quot;Times New Roman&quot;,serif\"><span style=\"color:black\">.</span></span></span></span></span></span></div>\r\n\r\n<div class=\"rtecenter\"><span style=\"font-size:13pt\"><span style=\"font-family:&quot;Times New Roman&quot;,serif\"><strong><span style=\"color:#000000\"><em><span style=\"font-size:12pt\"><span style=\"color:black\">Văn ph&ograve;ng C&ocirc;ng nhận chất lượng &ndash; Số 8 Ho&agrave;ng Quốc Việt, Cầu Giấy, H&agrave; Nội</span></span></em></span></strong></span></span><br />\r\n<span style=\"font-size:13pt\"><span style=\"font-family:&quot;Times New Roman&quot;,serif\"><strong><span style=\"color:#000000\"><em><span style=\"font-size:12pt\"><span style=\"color:black\">Ms. Nguyễn Phương Nhi</span></span></em><em><span style=\"font-size:12pt\"><span style=\"color:black\">&nbsp;&nbsp;-&nbsp;&nbsp;&nbsp;Tel: 024 3791 1952/Ext.25&nbsp;&nbsp;-&nbsp;&nbsp;</span></span></em><em><span style=\"font-size:12pt\"><span style=\"color:black\">Fax: 024 3791 1551&nbsp;&nbsp;</span></span></em></span></strong></span></span><br />\r\n<span style=\"font-size:13pt\"><span style=\"font-family:&quot;Times New Roman&quot;,serif\"><strong><span style=\"color:#000000\"><em><span style=\"font-size:12pt\"><span style=\"color:black\">Mobile: 0949894296&nbsp;&nbsp;</span></span></em><em><span style=\"font-size:12pt\"><span style=\"color:black\">-&nbsp;&nbsp;E-mail:&nbsp;<a href=\"mailto:nhi.np@boa.gov.vn\" style=\"color:#954f72; text-decoration:underline\">nhi.np@boa.gov.vn</a></span></span></em></span></strong></span></span></div>\r\n<br />\r\n<span style=\"font-size:13pt\"><span style=\"font-family:&quot;Times New Roman&quot;,serif\"><strong><span style=\"color:#000000\">&nbsp;&nbsp;&nbsp;&nbsp;&nbsp;&nbsp;&nbsp;&nbsp;&nbsp;&nbsp;&nbsp;&nbsp;<span style=\"font-size:12.5pt\"><span style=\"color:black\">Tr&acirc;n trọng.</span></span></span></strong></span></span><br />\r\n&nbsp;</div>\r\n</div>\r\n</div>\r\n\r\n<div class=\"field-group-div group-tintuckhung1 uk-width-1-1 uk-width-medium-3-4\">\r\n<div class=\"field field-label-hidden field-name-field-tintuc-gallery field-type-markup\">\r\n<div class=\"field-items\">\r\n<div class=\"even field-item\">&nbsp;</div>\r\n</div>\r\n</div>\r\n\r\n<div class=\"field field-label-hidden field-name-field-chiase field-type-markup\">\r\n<div class=\"field-items\">\r\n<div class=\"even field-item\">\r\n<div style=\"float:right; margin-left:5px\">\r\n<div class=\"g-plusone\">&nbsp;</div>\r\n</div>\r\n\r\n<div class=\"fb-like\" style=\"float:right\">&nbsp;</div>\r\n</div>\r\n</div>\r\n</div>\r\n</div>\r\n</div>\r\n</div>','Khóa học: “Tiêu chuẩn ISO/IEC 17025:2017” tại Hà Nội','Khóa học: “Tiêu chuẩn ISO/IEC 17025:2017” tại Hà Nội','Khóa học: “Tiêu chuẩn ISO/IEC 17025:2017” tại Hà Nội'),
	(10,2,'Khóa học: “Tiêu chuẩn ISO/IEC 17025:2017” tại Hà Nội','Khóa học: “Tiêu chuẩn ISO/IEC 17025:2017” tại Hà Nội','<div class=\"content\">\r\n<div class=\"field-group-div group-khung\">\r\n<div class=\"field field-label-hidden field-name-field-noidung field-type-text-long\">\r\n<div class=\"field-items\">\r\n<div class=\"even field-item\">\r\n<div class=\"rtecenter\"><span style=\"font-size:13pt\"><span style=\"font-family:&quot;.VnTime&quot;,sans-serif\"><span style=\"color:#000000\"><strong><em><span style=\"font-size:12pt\"><span style=\"font-family:&quot;Times New Roman&quot;,serif\"><span style=\"color:black\">K&iacute;nh gửi:</span></span></span></em></strong><strong>&nbsp;</strong><span style=\"font-size:12pt\"><span style=\"font-family:&quot;Times New Roman&quot;,serif\"><span style=\"color:black\">C&aacute;c Ph&ograve;ng th&iacute; nghiệm</span></span></span></span></span></span></div>\r\n\r\n<div class=\"rtejustify\"><span style=\"font-size:13pt\"><span style=\"font-family:&quot;.VnTime&quot;,sans-serif\"><span style=\"color:#000000\"><span style=\"font-size:12pt\"><span style=\"font-family:&quot;Times New Roman&quot;,serif\"><span style=\"color:black\">Theo chương tr&igrave;nh đ&agrave;o tạo năm 2019, Văn ph&ograve;ng C&ocirc;ng nhận chất lượng sẽ tổ chức kh&oacute;a đ&agrave;o tạo 01 ng&agrave;y&nbsp;<strong>04/07/2019&nbsp;</strong>với nội dung &ldquo;<strong><em>Ti&ecirc;u chuẩn ISO/IEC 17025:2017</em></strong>&rdquo;.</span></span></span></span></span></span><br />\r\n<span style=\"font-size:13pt\"><span style=\"font-family:&quot;.VnTime&quot;,sans-serif\"><span style=\"color:#000000\"><span style=\"font-size:12pt\"><span style=\"font-family:&quot;Times New Roman&quot;,serif\"><span style=\"color:black\">Kh&oacute;a đ&agrave;o tạo sẽ cung cấp cho học vi&ecirc;n c&aacute;ch tiếp cận đơn giản v&agrave; hiệu quả nhất để x&acirc;y dựng v&agrave; &aacute;p dụng hệ thống quản l&yacute; ph&ograve;ng th&iacute; nghiệm theo ti&ecirc;u chuẩn ISO/IEC 17025:2017. Đối tượng tham dự l&agrave; c&aacute;c c&aacute;n bộ l&agrave;m c&ocirc;ng t&aacute;c quản l&yacute;, kỹ thuật v&agrave; nh&acirc;n vi&ecirc;n.</span></span></span></span></span></span><br />\r\n<span style=\"font-size:13pt\"><span style=\"font-family:&quot;.VnTime&quot;,sans-serif\"><span style=\"color:#000000\"><strong><span style=\"font-size:12pt\"><span style=\"font-family:&quot;Times New Roman&quot;,serif\"><span style=\"color:black\">Thời gian học: 8h00 &ndash; 17h00&nbsp;</span></span></span></strong><span style=\"font-size:12pt\"><span style=\"font-family:&quot;Times New Roman&quot;,serif\"><span style=\"color:black\">h&agrave;ng ng&agrave;y</span></span></span></span></span></span><br />\r\n<span style=\"font-size:13pt\"><span style=\"font-family:&quot;.VnTime&quot;,sans-serif\"><span style=\"color:#000000\"><strong><span style=\"font-size:12pt\"><span style=\"font-family:&quot;Times New Roman&quot;,serif\"><span style=\"color:black\">Ph&iacute; đ&agrave;o tạo: 800.000 đ</span></span></span></strong><span style=\"font-size:12pt\"><span style=\"font-family:&quot;Times New Roman&quot;,serif\"><span style=\"color:black\">/&nbsp;<strong>1 người</strong>/&nbsp;<strong>1 kho&aacute;&nbsp;</strong>(<strong>800.000 đ</strong>/&nbsp;<strong>1 người/ 1 ng&agrave;y</strong>)</span></span></span></span></span></span><br />\r\n<span style=\"font-size:13pt\"><span style=\"font-family:&quot;.VnTime&quot;,sans-serif\"><span style=\"color:#000000\"><em><span style=\"font-size:12pt\"><span style=\"font-family:&quot;Times New Roman&quot;,serif\"><span style=\"color:black\">(Ph&iacute; n&agrave;y đ&atilde; bao gồm t&agrave;i liệu, chứng chỉ, teabreak, ăn trưa v&agrave; thuế VAT 5%)</span></span></span></em></span></span></span><br />\r\n<span style=\"font-size:13pt\"><span style=\"font-family:&quot;.VnTime&quot;,sans-serif\"><span style=\"color:#000000\"><strong><span style=\"font-size:12pt\"><span style=\"font-family:&quot;Times New Roman&quot;,serif\"><span style=\"color:black\">Địa điểm:&nbsp;</span></span></span></strong><strong><span style=\"font-size:11.5pt\"><span style=\"font-family:&quot;Times New Roman&quot;,serif\"><span style=\"color:black\"><span style=\"background-color:white\">Văn ph&ograve;ng c&ocirc;ng nhận chất lượng&nbsp;</span></span></span></span></strong></span></span></span><br />\r\n<span style=\"font-size:13pt\"><span style=\"font-family:&quot;.VnTime&quot;,sans-serif\"><span style=\"color:#000000\"><strong><span style=\"font-size:11.5pt\"><span style=\"font-family:&quot;Times New Roman&quot;,serif\"><span style=\"color:black\">Số 8 Ho&agrave;ng Quốc Việt, Q. Cầu Giấy,&nbsp;&nbsp;TP. H&agrave; Nội</span></span></span></strong><span style=\"font-size:11.5pt\"><span style=\"font-family:&quot;Times New Roman&quot;,serif\"><span style=\"color:black\">.</span></span></span></span></span></span><br />\r\n<span style=\"font-size:13pt\"><span style=\"font-family:&quot;.VnTime&quot;,sans-serif\"><span style=\"color:#000000\"><em><span style=\"font-size:12pt\"><span style=\"font-family:&quot;Times New Roman&quot;,serif\"><span style=\"color:black\">(Lưu &yacute;:&nbsp;</span></span></span></em><em><span style=\"font-size:12pt\"><span style=\"font-family:&quot;Times New Roman&quot;,serif\"><span style=\"color:black\">Số lượng học vi&ecirc;n 40 người/lớp, Văn ph&ograve;ng C&ocirc;ng nhận chất lượng kh&ocirc;ng nhận đăng k&yacute; khi đ&atilde; đủ học vi&ecirc;n)</span></span></span></em></span></span></span><br />\r\n<span style=\"font-size:13pt\"><span style=\"font-family:&quot;.VnTime&quot;,sans-serif\"><span style=\"color:#000000\"><span style=\"font-size:12pt\"><span style=\"font-family:&quot;Times New Roman&quot;,serif\"><span style=\"color:black\">Văn ph&ograve;ng C&ocirc;ng nhận chất lượng tr&acirc;n trọng k&iacute;nh mời c&aacute;c đơn vị, ph&ograve;ng th&iacute; nghiệm đăng k&yacute; tham dự lớp học theo biểu mẫu &ldquo;<a href=\"/sites/default/files/phieudangky030719.doc\"><strong><em>Phiếu đăng k&yacute; tham dự đ&agrave;o tạo</em></strong></a>&rdquo; v&agrave; gửi tới </span></span></span><em><span style=\"font-size:12pt\"><span style=\"font-family:&quot;Times New Roman&quot;,serif\"><span style=\"color:black\">Văn ph&ograve;ng C&ocirc;ng nhận chất lượng</span></span></span></em><span style=\"font-size:12pt\"><span style=\"font-family:&quot;Times New Roman&quot;,serif\"><span style=\"color:black\"> bằng thư, e-mail dưới đ&acirc;y trước ng&agrave;y&nbsp;</span></span></span><strong><span style=\"font-size:12pt\"><span style=\"font-family:&quot;Times New Roman&quot;,serif\"><span style=\"color:black\">01/07</span></span></span></strong><strong><span style=\"font-size:12pt\"><span style=\"font-family:&quot;Times New Roman&quot;,serif\"><span style=\"color:black\">/201</span></span></span></strong><strong><span style=\"font-size:12pt\"><span style=\"font-family:&quot;Times New Roman&quot;,serif\"><span style=\"color:black\">9</span></span></span></strong><span style=\"font-size:12pt\"><span style=\"font-family:&quot;Times New Roman&quot;,serif\"><span style=\"color:black\">.</span></span></span></span></span></span></div>\r\n\r\n<div class=\"rtecenter\"><span style=\"font-size:13pt\"><span style=\"font-family:&quot;Times New Roman&quot;,serif\"><strong><span style=\"color:#000000\"><em><span style=\"font-size:12pt\"><span style=\"color:black\">Văn ph&ograve;ng C&ocirc;ng nhận chất lượng &ndash; Số 8 Ho&agrave;ng Quốc Việt, Cầu Giấy, H&agrave; Nội</span></span></em></span></strong></span></span><br />\r\n<span style=\"font-size:13pt\"><span style=\"font-family:&quot;Times New Roman&quot;,serif\"><strong><span style=\"color:#000000\"><em><span style=\"font-size:12pt\"><span style=\"color:black\">Ms. Nguyễn Phương Nhi</span></span></em><em><span style=\"font-size:12pt\"><span style=\"color:black\">&nbsp;&nbsp;-&nbsp;&nbsp;&nbsp;Tel: 024 3791 1952/Ext.25&nbsp;&nbsp;-&nbsp;&nbsp;</span></span></em><em><span style=\"font-size:12pt\"><span style=\"color:black\">Fax: 024 3791 1551&nbsp;&nbsp;</span></span></em></span></strong></span></span><br />\r\n<span style=\"font-size:13pt\"><span style=\"font-family:&quot;Times New Roman&quot;,serif\"><strong><span style=\"color:#000000\"><em><span style=\"font-size:12pt\"><span style=\"color:black\">Mobile: 0949894296&nbsp;&nbsp;</span></span></em><em><span style=\"font-size:12pt\"><span style=\"color:black\">-&nbsp;&nbsp;E-mail:&nbsp;<a href=\"mailto:nhi.np@boa.gov.vn\" style=\"color:#954f72; text-decoration:underline\">nhi.np@boa.gov.vn</a></span></span></em></span></strong></span></span></div>\r\n<br />\r\n<span style=\"font-size:13pt\"><span style=\"font-family:&quot;Times New Roman&quot;,serif\"><strong><span style=\"color:#000000\">&nbsp;&nbsp;&nbsp;&nbsp;&nbsp;&nbsp;&nbsp;&nbsp;&nbsp;&nbsp;&nbsp;&nbsp;<span style=\"font-size:12.5pt\"><span style=\"color:black\">Tr&acirc;n trọng.</span></span></span></strong></span></span><br />\r\n&nbsp;</div>\r\n</div>\r\n</div>\r\n\r\n<div class=\"field-group-div group-tintuckhung1 uk-width-1-1 uk-width-medium-3-4\">\r\n<div class=\"field field-label-hidden field-name-field-tintuc-gallery field-type-markup\">\r\n<div class=\"field-items\">\r\n<div class=\"even field-item\">&nbsp;</div>\r\n</div>\r\n</div>\r\n\r\n<div class=\"field field-label-hidden field-name-field-chiase field-type-markup\">\r\n<div class=\"field-items\">\r\n<div class=\"even field-item\">\r\n<div style=\"float:right; margin-left:5px\">\r\n<div class=\"g-plusone\">&nbsp;</div>\r\n</div>\r\n\r\n<div class=\"fb-like\" style=\"float:right\">&nbsp;</div>\r\n</div>\r\n</div>\r\n</div>\r\n</div>\r\n</div>\r\n</div>','Khóa học: “Tiêu chuẩn ISO/IEC 17025:2017” tại Hà Nội','Khóa học: “Tiêu chuẩn ISO/IEC 17025:2017” tại Hà Nội','Khóa học: “Tiêu chuẩn ISO/IEC 17025:2017” tại Hà Nội'),
	(4,1,'World Accreditation Day 2018','World Accreditation Day 2018','<h1>World Accreditation Day 2018</h1>\r\n\r\n<div class=\"content\">\r\n<div class=\"field-group-div group-khung\">\r\n<div class=\"field field-label-hidden field-name-field-noidung field-type-text-long\">\r\n<div class=\"field-items\">\r\n<div class=\"even field-item\">\r\n<p style=\"margin-left:0px; margin-right:0px\"><span style=\"font-size:14px\"><span style=\"font-family:arial,helvetica,sans-serif\">9 June 2018 marks World Accreditation Day as a global initiative, jointly established by the&nbsp;<a href=\"https://www.ukas.com/about/about-accreditation/a-global-network/iaf/\" rel=\"noopener\" style=\"box-sizing: border-box; color: rgb(0, 88, 165); text-decoration: none; border-bottom-width: 1px; border-bottom-style: dotted; border-bottom-color: rgb(118, 158, 197); background-position: 0px 0px;\" target=\"_blank\">International Accreditation Forum</a>&nbsp;(IAF) and the&nbsp;<a href=\"https://www.ukas.com/about/about-accreditation/a-global-network/ilac/\" rel=\"noopener\" style=\"box-sizing: border-box; color: rgb(0, 88, 165); text-decoration: none; border-bottom-width: 1px; border-bottom-style: dotted; border-bottom-color: rgb(118, 158, 197); background-position: 0px 0px;\" target=\"_blank\">International Laboratory Accreditation Cooperation</a>&nbsp;(ILAC), to raise awareness of the importance of accreditation. This year&rsquo;s theme focuses on how accreditation delivers a safer world.</span></span></p>\r\n\r\n<p style=\"margin-left:0px; margin-right:0px\"><span style=\"font-size:14px\"><span style=\"font-family:arial,helvetica,sans-serif\"><a href=\"https://www.ukas.com/download/general_documents/WAD-JS18-Medium-Res.pdf\" style=\"box-sizing: border-box; color: rgb(0, 88, 165); text-decoration: none; border-bottom-width: 1px; border-bottom-style: dotted; border-bottom-color: rgb(118, 158, 197); background-position: 0px 0px;\"><img alt=\"\" class=\"aligncenter rtejustify wp-image-242609\" src=\"https://www.ukas.com/wp-content/uploads/2018/03/WAD-2018.jpg\" style=\"border-width:0px; box-sizing:border-box; display:block; height:412px; margin:5px auto; vertical-align:middle; width:289px\" /></a></span></span></p>\r\n\r\n<p style=\"margin-left:0px; margin-right:0px\"><span style=\"font-size:14px\"><span style=\"font-family:arial,helvetica,sans-serif\">The expectation of safe workplaces, safe products, safe transport, safe food, in fact all aspects of our lives is universally shared. Statistics however show that the expectation is not being matched by the reality. Closing this gap is a vital consideration for government, regulators and businesses, aiming to keep people safer in their work, their domestic life, their journeys and all other parts of their lives.</span></span></p>\r\n\r\n<p style=\"margin-left:0px; margin-right:0px\"><span style=\"font-size:14px\"><span style=\"font-family:arial,helvetica,sans-serif\">The day will be celebrated across the world with the hosting of major national events, seminars, and press and media coverage, to provide the opportunity to explore how accreditation can help deliver a safer world and to support businesses, government and regulators to find standards, conformity assessment and accreditation tools to support them in this goal.</span></span></p>\r\n\r\n<p style=\"margin-left:0px; margin-right:0px\"><span style=\"font-size:14px\"><span style=\"font-family:arial,helvetica,sans-serif\">To support communication on the day, ILAC and IAF have created:</span></span></p>\r\n\r\n<ul style=\"margin-left:15px; margin-right:0px\">\r\n	<li><span style=\"font-size:14px\"><span style=\"font-family:arial,helvetica,sans-serif\"><a href=\"https://www.ukas.com/download/WAD-JS18-Medium-Res.pdf\" style=\"box-sizing: border-box; color: rgb(0, 88, 165); text-decoration: none; border-bottom-width: 1px; border-bottom-style: dotted; border-bottom-color: rgb(118, 158, 197); background-position: 0px 0px;\">A joint statement from the two Chairs</a></span></span></li>\r\n	<li><span style=\"font-size:14px\"><span style=\"font-family:arial,helvetica,sans-serif\"><a href=\"https://www.ukas.com/download/brochures/WAD-Brochure-2018-Medium-Res.pdf\" style=\"box-sizing: border-box; color: rgb(0, 88, 165); text-decoration: none; border-bottom-width: 1px; border-bottom-style: dotted; border-bottom-color: rgb(118, 158, 197); background-position: 0px 0px;\">A brochure to promote how accreditation delivers a safer world</a></span></span></li>\r\n</ul>\r\n\r\n<div class=\"rteright\" style=\"box-sizing:border-box\"><span style=\"font-size:14px\"><span style=\"font-family:arial,helvetica,sans-serif\">Sourse:&nbsp;<em>UKAS</em></span></span></div>\r\n</div>\r\n</div>\r\n</div>\r\n\r\n<div class=\"field-group-div group-tintuckhung1 uk-width-1-1 uk-width-medium-3-4\">\r\n<div class=\"field field-label-hidden field-name-field-tintuc-gallery field-type-markup\">\r\n<div class=\"field-items\">\r\n<div class=\"even field-item\">&nbsp;</div>\r\n</div>\r\n</div>\r\n\r\n<div class=\"field field-label-hidden field-name-field-chiase field-type-markup\">\r\n<div class=\"field-items\">\r\n<div class=\"even field-item\">\r\n<div style=\"float:right; margin-left:5px\">\r\n<div class=\"g-plusone\">&nbsp;</div>\r\n</div>\r\n\r\n<div class=\"fb-like\" style=\"float:right\">&nbsp;</div>\r\n</div>\r\n</div>\r\n</div>\r\n</div>\r\n</div>\r\n</div>','World Accreditation Day 2018','World Accreditation Day 2018','World Accreditation Day 2018'),
	(4,2,'World Accreditation Day 2018','World Accreditation Day 2018','<h1>World Accreditation Day 2018</h1>\r\n\r\n<div class=\"content\">\r\n<div class=\"field-group-div group-khung\">\r\n<div class=\"field field-label-hidden field-name-field-noidung field-type-text-long\">\r\n<div class=\"field-items\">\r\n<div class=\"even field-item\">\r\n<p style=\"margin-left:0px; margin-right:0px\"><span style=\"font-size:14px\"><span style=\"font-family:arial,helvetica,sans-serif\">9 June 2018 marks World Accreditation Day as a global initiative, jointly established by the&nbsp;<a href=\"https://www.ukas.com/about/about-accreditation/a-global-network/iaf/\" rel=\"noopener\" style=\"box-sizing: border-box; color: rgb(0, 88, 165); text-decoration: none; border-bottom-width: 1px; border-bottom-style: dotted; border-bottom-color: rgb(118, 158, 197); background-position: 0px 0px;\" target=\"_blank\">International Accreditation Forum</a>&nbsp;(IAF) and the&nbsp;<a href=\"https://www.ukas.com/about/about-accreditation/a-global-network/ilac/\" rel=\"noopener\" style=\"box-sizing: border-box; color: rgb(0, 88, 165); text-decoration: none; border-bottom-width: 1px; border-bottom-style: dotted; border-bottom-color: rgb(118, 158, 197); background-position: 0px 0px;\" target=\"_blank\">International Laboratory Accreditation Cooperation</a>&nbsp;(ILAC), to raise awareness of the importance of accreditation. This year&rsquo;s theme focuses on how accreditation delivers a safer world.</span></span></p>\r\n\r\n<p style=\"margin-left:0px; margin-right:0px\"><span style=\"font-size:14px\"><span style=\"font-family:arial,helvetica,sans-serif\"><a href=\"https://www.ukas.com/download/general_documents/WAD-JS18-Medium-Res.pdf\" style=\"box-sizing: border-box; color: rgb(0, 88, 165); text-decoration: none; border-bottom-width: 1px; border-bottom-style: dotted; border-bottom-color: rgb(118, 158, 197); background-position: 0px 0px;\"><img alt=\"\" class=\"aligncenter rtejustify wp-image-242609\" src=\"https://www.ukas.com/wp-content/uploads/2018/03/WAD-2018.jpg\" style=\"border-width:0px; box-sizing:border-box; display:block; height:412px; margin:5px auto; vertical-align:middle; width:289px\" /></a></span></span></p>\r\n\r\n<p style=\"margin-left:0px; margin-right:0px\"><span style=\"font-size:14px\"><span style=\"font-family:arial,helvetica,sans-serif\">The expectation of safe workplaces, safe products, safe transport, safe food, in fact all aspects of our lives is universally shared. Statistics however show that the expectation is not being matched by the reality. Closing this gap is a vital consideration for government, regulators and businesses, aiming to keep people safer in their work, their domestic life, their journeys and all other parts of their lives.</span></span></p>\r\n\r\n<p style=\"margin-left:0px; margin-right:0px\"><span style=\"font-size:14px\"><span style=\"font-family:arial,helvetica,sans-serif\">The day will be celebrated across the world with the hosting of major national events, seminars, and press and media coverage, to provide the opportunity to explore how accreditation can help deliver a safer world and to support businesses, government and regulators to find standards, conformity assessment and accreditation tools to support them in this goal.</span></span></p>\r\n\r\n<p style=\"margin-left:0px; margin-right:0px\"><span style=\"font-size:14px\"><span style=\"font-family:arial,helvetica,sans-serif\">To support communication on the day, ILAC and IAF have created:</span></span></p>\r\n\r\n<ul style=\"margin-left:15px; margin-right:0px\">\r\n	<li><span style=\"font-size:14px\"><span style=\"font-family:arial,helvetica,sans-serif\"><a href=\"https://www.ukas.com/download/WAD-JS18-Medium-Res.pdf\" style=\"box-sizing: border-box; color: rgb(0, 88, 165); text-decoration: none; border-bottom-width: 1px; border-bottom-style: dotted; border-bottom-color: rgb(118, 158, 197); background-position: 0px 0px;\">A joint statement from the two Chairs</a></span></span></li>\r\n	<li><span style=\"font-size:14px\"><span style=\"font-family:arial,helvetica,sans-serif\"><a href=\"https://www.ukas.com/download/brochures/WAD-Brochure-2018-Medium-Res.pdf\" style=\"box-sizing: border-box; color: rgb(0, 88, 165); text-decoration: none; border-bottom-width: 1px; border-bottom-style: dotted; border-bottom-color: rgb(118, 158, 197); background-position: 0px 0px;\">A brochure to promote how accreditation delivers a safer world</a></span></span></li>\r\n</ul>\r\n\r\n<div class=\"rteright\" style=\"box-sizing:border-box\"><span style=\"font-size:14px\"><span style=\"font-family:arial,helvetica,sans-serif\">Sourse:&nbsp;<em>UKAS</em></span></span></div>\r\n</div>\r\n</div>\r\n</div>\r\n\r\n<div class=\"field-group-div group-tintuckhung1 uk-width-1-1 uk-width-medium-3-4\">\r\n<div class=\"field field-label-hidden field-name-field-tintuc-gallery field-type-markup\">\r\n<div class=\"field-items\">\r\n<div class=\"even field-item\">&nbsp;</div>\r\n</div>\r\n</div>\r\n\r\n<div class=\"field field-label-hidden field-name-field-chiase field-type-markup\">\r\n<div class=\"field-items\">\r\n<div class=\"even field-item\">\r\n<div style=\"float:right; margin-left:5px\">\r\n<div class=\"g-plusone\">&nbsp;</div>\r\n</div>\r\n\r\n<div class=\"fb-like\" style=\"float:right\">&nbsp;</div>\r\n</div>\r\n</div>\r\n</div>\r\n</div>\r\n</div>\r\n</div>','World Accreditation Day 2018','World Accreditation Day 2018','World Accreditation Day 2018'),
	(11,1,'Giới thiệu','Giới thiệu','<div class=\"content\">\r\n<div class=\"field-group-div group-khung\">\r\n<div class=\"field field-label-hidden field-name-field-noidung field-type-text-long\">\r\n<div class=\"field-items\">\r\n<div class=\"even field-item\">\r\n<div class=\"rtecenter\" style=\"text-align:center\">\r\n<p style=\"margin-left:0cm; margin-right:0cm; text-align:center\"><span style=\"font-size:11pt\"><span style=\"background-color:white\"><span style=\"font-family:Calibri,sans-serif\"><strong><span style=\"font-size:16.0pt\"><span style=\"font-family:&quot;Times New Roman&quot;,serif\"><span style=\"color:#333333\">GIỚI THIỆU CHUNG (1)</span></span></span></strong><br />\r\n&nbsp;</span></span></span></p>\r\n\r\n<ol>\r\n	<li style=\"text-align:justify\"><span style=\"font-size:11pt\"><span style=\"background-color:white\"><span style=\"font-family:Calibri,sans-serif\"><span style=\"font-size:14.0pt\"><span style=\"font-family:&quot;Times New Roman&quot;,serif\"><span style=\"color:#333333\">​Viện C&ocirc;ng nhận Chất lượng Việt Nam (Viện C&ocirc;ng nhận VACI) được th&agrave;nh lập theo Quyết định số: 06/QĐ-HTCCLVN, ng&agrave;y 09 th&aacute;ng 5 năm 2019 của Hội Khoa học v&agrave; Kỹ thuật về Ti&ecirc;u chuẩn v&agrave; Chất lượng Việt Nam. &nbsp;Ng&agrave;y 08 th&aacute;ng 7 năm 2019 Viện C&ocirc;ng nhận Chất lượng Việt Nam được Bộ Khoa học v&agrave; C&ocirc;ng nghệ cấp Chứng nhận Đăng k&yacute; hoạt động Khoa học v&agrave; C&ocirc;ng nghệ số: A &ndash; 2093. </span></span></span><strong><em><span style=\"font-size:14.0pt\"><span style=\"font-family:&quot;Times New Roman&quot;,serif\"><span style=\"color:red\">(nội dung n&agrave;y sau khi c&oacute; QĐ b&ecirc;n TĐC sẽ bổ sung th&ecirc;m phần được chỉ định)</span></span></span></em></strong></span></span></span></li>\r\n</ol>\r\n\r\n<p style=\"margin-left:0cm; margin-right:0cm; text-align:justify\"><span style=\"font-size:11pt\"><span style=\"background-color:white\"><span style=\"font-family:Calibri,sans-serif\"><span style=\"font-size:14.0pt\"><span style=\"font-family:&quot;Times New Roman&quot;,serif\"><span style=\"color:#333333\">Viện C&ocirc;ng nhận VACI l&agrave; tổ chức c&ocirc;ng nhận b&ecirc;n thứ ba của Việt Nam ra đời tr&ecirc;n tinh thần x&atilde; hội h&oacute;a hoạt động khoa học c&ocirc;ng nghệ. Hiện nay Viện đang trong qu&aacute; tr&igrave;nh x&acirc;y dựng triển khai c&aacute;c dịch vụ trong phạm vi được chỉ định, nhằm hỗ trợ c&aacute;c tổ chức trong v&agrave; ngo&agrave;i nước với xu thế hội nhập v&agrave; ph&aacute;t triển quốc tế.</span></span></span></span></span></span></p>\r\n\r\n<ol start=\"2\">\r\n	<li style=\"text-align:justify\"><span style=\"font-size:11pt\"><span style=\"background-color:white\"><span style=\"font-family:Calibri,sans-serif\"><span style=\"font-size:14.0pt\"><span style=\"font-family:&quot;Times New Roman&quot;,serif\"><span style=\"color:#333333\">Thực hiện c&aacute;c hoạt động c&ocirc;ng nhận cho&nbsp;</span></span></span><strong><span style=\"font-size:14.0pt\"><span style=\"font-family:&quot;Times New Roman&quot;,serif\"><span style=\"color:red\">tổ chức chứng nhận, ph&ograve;ng th&iacute; nghiệm, ph&ograve;ng hiệu chuẩn, tổ chức gi&aacute;m định v&agrave; c&aacute;c tổ chức đ&aacute;nh gi&aacute; sự ph&ugrave; hợp kh&aacute;c <em>(nội dung n&agrave;y sau khi c&oacute; QĐ b&ecirc;n TĐC sẽ bổ sung chỉnh sửa đ&uacute;ng năng lực được chỉ định)</em></span></span></span></strong></span></span></span></li>\r\n	<li style=\"text-align:justify\"><span style=\"font-size:11pt\"><span style=\"background-color:white\"><span style=\"font-family:Calibri,sans-serif\"><span style=\"font-size:14.0pt\"><span style=\"font-family:&quot;Times New Roman&quot;,serif\"><span style=\"color:#333333\">Viện C&ocirc;ng nhận VACI, đ&atilde; </span></span></span><span style=\"font-size:14.0pt\"><span style=\"font-family:&quot;Times New Roman&quot;,serif\"><span style=\"color:#333333\">x&acirc;y dựng v&agrave; &aacute;p dụng hệ thống quản l&yacute; theo ti&ecirc;u chuẩn ISO 17011, Ban l&atilde;nh đạo Viện C&ocirc;ng nhận VACI sẽ thực hiện theo kế hoạch v&agrave; y&ecirc;u cầu ph&aacute;p luật của Việt Nam, tham gia hoạt động tại c&aacute;c Tổ chức C&ocirc;ng nhận quốc tế v&agrave; khu vực như: Tổ chức c&ocirc;ng nhận c&aacute;c ph&ograve;ng th&iacute; nghiệm Ch&acirc;u &Aacute; &ndash; Th&aacute;i B&igrave;nh Dương (APLAC), Tổ chức C&ocirc;ng nhận c&aacute;c ph&ograve;ng th&iacute; nghiệm quốc tế (ILAC) v&agrave; Tổ chức C&ocirc;ng nhận Ch&acirc;u &Aacute; &ndash; Th&aacute;i B&igrave;nh Dương (PAC), diễn đ&agrave;n c&ocirc;ng nhận quốc tế (IAF).</span></span></span></span></span></span></li>\r\n</ol>\r\n\r\n<p style=\"margin-left:0cm; margin-right:0cm\"><br />\r\n&nbsp;</p>\r\n</div>\r\n</div>\r\n</div>\r\n</div>\r\n\r\n<div class=\"field-group-div group-tintuckhung1 uk-width-1-1 uk-width-medium-3-4\">\r\n<div class=\"field field-label-hidden field-name-field-chiase field-type-markup\">\r\n<div class=\"field-items\">\r\n<div class=\"even field-item\">\r\n<div class=\"fb-like\" style=\"float:right\">&nbsp;</div>\r\n</div>\r\n</div>\r\n</div>\r\n</div>\r\n</div>\r\n</div>','Giới thiệu','Giới thiệu','Giới thiệu'),
	(11,2,'ABOUT US','ABOUT US','<div class=\"content\">\r\n<div class=\"field-group-div group-khung\">\r\n<div class=\"field field-label-hidden field-name-field-noidung field-type-text-long\">\r\n<div class=\"field-items\">\r\n<div class=\"even field-item\">\r\n<ol>\r\n	<li style=\"text-align:justify\">\r\n	<p style=\"margin-left:0cm; margin-right:0cm; text-align:center\"><span style=\"font-size:11pt\"><span style=\"background-color:white\"><span style=\"font-family:Calibri,sans-serif\"><strong><span style=\"font-size:16.0pt\"><span style=\"font-family:&quot;Times New Roman&quot;,serif\"><span style=\"color:#333333\">GIỚI THIỆU CHUNG (1)</span></span></span></strong><br />\r\n	&nbsp;</span></span></span></p>\r\n	</li>\r\n	<li style=\"text-align:justify\"><span style=\"font-size:11pt\"><span style=\"background-color:white\"><span style=\"font-family:Calibri,sans-serif\"><span style=\"font-size:14.0pt\"><span style=\"font-family:&quot;Times New Roman&quot;,serif\"><span style=\"color:#333333\">​Viện C&ocirc;ng nhận Chất lượng Việt Nam (Viện C&ocirc;ng nhận VACI) được th&agrave;nh lập theo Quyết định số: 06/QĐ-HTCCLVN, ng&agrave;y 09 th&aacute;ng 5 năm 2019 của Hội Khoa học v&agrave; Kỹ thuật về Ti&ecirc;u chuẩn v&agrave; Chất lượng Việt Nam. &nbsp;Ng&agrave;y 08 th&aacute;ng 7 năm 2019 Viện C&ocirc;ng nhận Chất lượng Việt Nam được Bộ Khoa học v&agrave; C&ocirc;ng nghệ cấp Chứng nhận Đăng k&yacute; hoạt động Khoa học v&agrave; C&ocirc;ng nghệ số: A &ndash; 2093. </span></span></span><strong><em><span style=\"font-size:14.0pt\"><span style=\"font-family:&quot;Times New Roman&quot;,serif\"><span style=\"color:red\">(nội dung n&agrave;y sau khi c&oacute; QĐ b&ecirc;n TĐC sẽ bổ sung th&ecirc;m phần được chỉ định)</span></span></span></em></strong></span></span></span></li>\r\n</ol>\r\n</div>\r\n</div>\r\n</div>\r\n\r\n<div class=\"field-group-div group-tintuckhung1 uk-width-1-1 uk-width-medium-3-4\">\r\n<div class=\"field field-label-hidden field-name-field-chiase field-type-markup\">\r\n<div class=\"field-items\">\r\n<div class=\"even field-item\">\r\n<div class=\"fb-like\" style=\"float:right\">\r\n<p style=\"margin-left:0cm; margin-right:0cm\"><br />\r\n&nbsp;</p>\r\n\r\n<p style=\"margin-left:0cm; margin-right:0cm; text-align:justify\"><span style=\"font-size:11pt\"><span style=\"background-color:white\"><span style=\"font-family:Calibri,sans-serif\"><span style=\"font-size:14.0pt\"><span style=\"font-family:&quot;Times New Roman&quot;,serif\"><span style=\"color:#333333\">Viện C&ocirc;ng nhận VACI l&agrave; tổ chức c&ocirc;ng nhận b&ecirc;n thứ ba của Việt Nam ra đời tr&ecirc;n tinh thần x&atilde; hội h&oacute;a hoạt động khoa học c&ocirc;ng nghệ. Hiện nay Viện đang trong qu&aacute; tr&igrave;nh x&acirc;y dựng triển khai c&aacute;c dịch vụ trong phạm vi được chỉ định, nhằm hỗ trợ c&aacute;c tổ chức trong v&agrave; ngo&agrave;i nước với xu thế hội nhập v&agrave; ph&aacute;t triển quốc tế.</span></span></span></span></span></span></p>\r\n<span style=\"font-size:11pt\"><span style=\"background-color:white\"><span style=\"font-family:Calibri,sans-serif\"><span style=\"font-size:14.0pt\"><span style=\"font-family:&quot;Times New Roman&quot;,serif\"><span style=\"color:#333333\">Thực hiện c&aacute;c hoạt động c&ocirc;ng nhận cho&nbsp;</span></span></span><strong><span style=\"font-size:14.0pt\"><span style=\"font-family:&quot;Times New Roman&quot;,serif\"><span style=\"color:red\">tổ chức chứng nhận, ph&ograve;ng th&iacute; nghiệm, ph&ograve;ng hiệu chuẩn, tổ chức gi&aacute;m định v&agrave; c&aacute;c tổ chức đ&aacute;nh gi&aacute; sự ph&ugrave; hợp kh&aacute;c <em>(nội dung n&agrave;y sau khi c&oacute; QĐ b&ecirc;n TĐC sẽ bổ sung chỉnh sửa đ&uacute;ng năng lực được chỉ định)</em></span></span></span></strong></span></span></span> <span style=\"font-size:11pt\"><span style=\"background-color:white\"><span style=\"font-family:Calibri,sans-serif\"><span style=\"font-size:14.0pt\"><span style=\"font-family:&quot;Times New Roman&quot;,serif\"><span style=\"color:#333333\">Viện C&ocirc;ng nhận VACI, đ&atilde; </span></span></span><span style=\"font-size:14.0pt\"><span style=\"font-family:&quot;Times New Roman&quot;,serif\"><span style=\"color:#333333\">x&acirc;y dựng v&agrave; &aacute;p dụng hệ thống quản l&yacute; theo ti&ecirc;u chuẩn ISO 17011, Ban l&atilde;nh đạo Viện C&ocirc;ng nhận VACI sẽ thực hiện theo kế hoạch v&agrave; y&ecirc;u cầu ph&aacute;p luật của Việt Nam, tham gia hoạt động tại c&aacute;c Tổ chức C&ocirc;ng nhận quốc tế v&agrave; khu vực như: Tổ chức c&ocirc;ng nhận c&aacute;c ph&ograve;ng th&iacute; nghiệm Ch&acirc;u &Aacute; &ndash; Th&aacute;i B&igrave;nh Dương (APLAC), Tổ chức C&ocirc;ng nhận c&aacute;c ph&ograve;ng th&iacute; nghiệm quốc tế (ILAC) v&agrave; Tổ chức C&ocirc;ng nhận Ch&acirc;u &Aacute; &ndash; Th&aacute;i B&igrave;nh Dương (PAC), diễn đ&agrave;n c&ocirc;ng nhận quốc tế (IAF).</span></span></span></span></span></span></div>\r\n</div>\r\n</div>\r\n</div>\r\n</div>\r\n</div>\r\n</div>','ABOUT US','ABOUT US','ABOUT US');

/*!40000 ALTER TABLE `blog_post_descriptions` ENABLE KEYS */;
UNLOCK TABLES;


# Dump of table blog_posts
# ------------------------------------------------------------

DROP TABLE IF EXISTS `blog_posts`;

CREATE TABLE `blog_posts` (
  `post_id` int(10) unsigned NOT NULL AUTO_INCREMENT,
  `sort_order` int(10) unsigned NOT NULL,
  `blog_category_id` int(10) unsigned NOT NULL,
  `status` tinyint(3) unsigned NOT NULL,
  `image` varchar(255) COLLATE utf8_unicode_ci NOT NULL,
  `created_at` timestamp NULL DEFAULT NULL,
  `updated_at` timestamp NULL DEFAULT NULL,
  PRIMARY KEY (`post_id`)
) ENGINE=InnoDB DEFAULT CHARSET=utf8 COLLATE=utf8_unicode_ci;

LOCK TABLES `blog_posts` WRITE;
/*!40000 ALTER TABLE `blog_posts` DISABLE KEYS */;

INSERT INTO `blog_posts` (`post_id`, `sort_order`, `blog_category_id`, `status`, `image`, `created_at`, `updated_at`)
VALUES
	(4,1,2,0,'images/logo/logo.png','2019-08-07 13:17:35','2019-08-07 13:17:35'),
	(5,2,2,0,'images/logo/logo.png','2019-08-07 13:19:57','2019-08-07 13:19:57'),
	(6,3,2,0,'images/logo/logo.png','2019-08-07 13:21:11','2019-08-07 13:21:11'),
	(7,5,1,0,'images/logo/logo.png','2019-08-07 13:22:54','2019-08-07 13:22:54'),
	(8,6,1,0,'images/logo/logo.png','2019-08-07 13:24:27','2019-08-07 13:24:27'),
	(10,4,1,0,'images/logo/logo.png','2019-08-07 13:29:39','2019-08-07 13:29:39'),
	(11,8,3,0,'images/logo/logo.png','2019-08-07 13:47:26','2019-08-07 13:47:26');

/*!40000 ALTER TABLE `blog_posts` ENABLE KEYS */;
UNLOCK TABLES;


# Dump of table blog_tags
# ------------------------------------------------------------

DROP TABLE IF EXISTS `blog_tags`;

CREATE TABLE `blog_tags` (
  `blog_tag_id` int(10) unsigned NOT NULL AUTO_INCREMENT,
  `post_id` int(10) unsigned NOT NULL,
  `name` varchar(255) COLLATE utf8_unicode_ci NOT NULL,
  PRIMARY KEY (`blog_tag_id`)
) ENGINE=InnoDB DEFAULT CHARSET=utf8 COLLATE=utf8_unicode_ci;

LOCK TABLES `blog_tags` WRITE;
/*!40000 ALTER TABLE `blog_tags` DISABLE KEYS */;

INSERT INTO `blog_tags` (`blog_tag_id`, `post_id`, `name`)
VALUES
	(5,5,'abc'),
	(6,6,'abc'),
	(7,7,'daotao'),
	(8,8,'daotao'),
	(9,10,'daotao'),
	(13,4,'abc'),
	(14,11,'abc');

/*!40000 ALTER TABLE `blog_tags` ENABLE KEYS */;
UNLOCK TABLES;


# Dump of table cate_menu
# ------------------------------------------------------------

DROP TABLE IF EXISTS `cate_menu`;

CREATE TABLE `cate_menu` (
  `cate_menu_id` int(10) unsigned NOT NULL AUTO_INCREMENT,
  `sort_order` int(10) unsigned NOT NULL,
  `status` tinyint(3) unsigned NOT NULL,
  `created_at` timestamp NULL DEFAULT NULL,
  `updated_at` timestamp NULL DEFAULT NULL,
  PRIMARY KEY (`cate_menu_id`)
) ENGINE=InnoDB DEFAULT CHARSET=utf8 COLLATE=utf8_unicode_ci;

LOCK TABLES `cate_menu` WRITE;
/*!40000 ALTER TABLE `cate_menu` DISABLE KEYS */;

INSERT INTO `cate_menu` (`cate_menu_id`, `sort_order`, `status`, `created_at`, `updated_at`)
VALUES
	(1,2,0,NULL,NULL),
	(2,3,0,NULL,NULL),
	(3,1,0,NULL,NULL),
	(4,4,0,NULL,NULL),
	(5,5,0,NULL,NULL),
	(6,6,0,NULL,NULL);

/*!40000 ALTER TABLE `cate_menu` ENABLE KEYS */;
UNLOCK TABLES;


# Dump of table cate_menu_descriptions
# ------------------------------------------------------------

DROP TABLE IF EXISTS `cate_menu_descriptions`;

CREATE TABLE `cate_menu_descriptions` (
  `cate_menu_id` int(10) unsigned NOT NULL,
  `language_id` int(10) unsigned NOT NULL,
  `name` varchar(255) COLLATE utf8_unicode_ci NOT NULL
) ENGINE=InnoDB DEFAULT CHARSET=utf8 COLLATE=utf8_unicode_ci;

LOCK TABLES `cate_menu_descriptions` WRITE;
/*!40000 ALTER TABLE `cate_menu_descriptions` DISABLE KEYS */;

INSERT INTO `cate_menu_descriptions` (`cate_menu_id`, `language_id`, `name`)
VALUES
	(3,1,'Trang chủ'),
	(3,2,'Trang chủ'),
	(1,1,'Giới thiệu'),
	(1,2,'Giới thiệu'),
	(2,1,'Thông tin công nhận'),
	(2,2,'Thông tin công nhận'),
	(4,1,'Đào tạo'),
	(4,2,'Đào tạo'),
	(5,1,'Thử nghiệm thành thạo'),
	(5,2,'Thử nghiệm thành thạo'),
	(6,1,'Liên hệ'),
	(6,2,'Liên hệ');

/*!40000 ALTER TABLE `cate_menu_descriptions` ENABLE KEYS */;
UNLOCK TABLES;


# Dump of table categories
# ------------------------------------------------------------

DROP TABLE IF EXISTS `categories`;

CREATE TABLE `categories` (
  `category_id` int(10) unsigned NOT NULL AUTO_INCREMENT,
  `sort_order` int(10) unsigned NOT NULL,
  PRIMARY KEY (`category_id`)
) ENGINE=InnoDB DEFAULT CHARSET=utf8 COLLATE=utf8_unicode_ci;



# Dump of table category_description_item
# ------------------------------------------------------------

DROP TABLE IF EXISTS `category_description_item`;

CREATE TABLE `category_description_item` (
  `category_desc_item_id` int(10) unsigned NOT NULL AUTO_INCREMENT,
  `category_desc_id` int(10) unsigned NOT NULL,
  `language_id` int(10) unsigned NOT NULL,
  `name` varchar(255) COLLATE utf8_unicode_ci NOT NULL,
  `created_at` timestamp NULL DEFAULT NULL,
  `updated_at` timestamp NULL DEFAULT NULL,
  PRIMARY KEY (`category_desc_item_id`)
) ENGINE=InnoDB DEFAULT CHARSET=utf8 COLLATE=utf8_unicode_ci;



# Dump of table category_descriptions
# ------------------------------------------------------------

DROP TABLE IF EXISTS `category_descriptions`;

CREATE TABLE `category_descriptions` (
  `category_desc_id` int(10) unsigned NOT NULL AUTO_INCREMENT,
  `category_id` int(10) unsigned NOT NULL,
  `language_id` int(10) unsigned NOT NULL,
  `name` varchar(255) COLLATE utf8_unicode_ci NOT NULL,
  `description` varchar(255) COLLATE utf8_unicode_ci NOT NULL,
  PRIMARY KEY (`category_desc_id`)
) ENGINE=InnoDB DEFAULT CHARSET=utf8 COLLATE=utf8_unicode_ci;



# Dump of table contacts
# ------------------------------------------------------------

DROP TABLE IF EXISTS `contacts`;

CREATE TABLE `contacts` (
  `contact_id` int(10) unsigned NOT NULL AUTO_INCREMENT,
  `name` varchar(255) COLLATE utf8_unicode_ci NOT NULL,
  `email` varchar(64) COLLATE utf8_unicode_ci NOT NULL,
  `message` text COLLATE utf8_unicode_ci NOT NULL,
  `read` tinyint(3) unsigned NOT NULL,
  `created_at` timestamp NULL DEFAULT NULL,
  `updated_at` timestamp NULL DEFAULT NULL,
  PRIMARY KEY (`contact_id`)
) ENGINE=InnoDB DEFAULT CHARSET=utf8 COLLATE=utf8_unicode_ci;

LOCK TABLES `contacts` WRITE;
/*!40000 ALTER TABLE `contacts` DISABLE KEYS */;

INSERT INTO `contacts` (`contact_id`, `name`, `email`, `message`, `read`, `created_at`, `updated_at`)
VALUES
	(12,'quang nguyen','chiquang.dev@gmail.com','help me',0,'2019-07-14 02:23:22','2019-07-14 02:23:22'),
	(14,'quang nguyen','chiquang.dev@gmail.com','help me',0,'2019-07-14 02:32:48','2019-07-14 02:32:48');

/*!40000 ALTER TABLE `contacts` ENABLE KEYS */;
UNLOCK TABLES;


# Dump of table data_product_description
# ------------------------------------------------------------

DROP TABLE IF EXISTS `data_product_description`;

CREATE TABLE `data_product_description` (
  `data_product_id` int(10) unsigned NOT NULL,
  `language_id` int(10) unsigned NOT NULL,
  `name` varchar(255) COLLATE utf8_unicode_ci NOT NULL,
  `vacis` varchar(255) COLLATE utf8_unicode_ci NOT NULL,
  `file` text COLLATE utf8_unicode_ci,
  `field` varchar(255) COLLATE utf8_unicode_ci NOT NULL,
  `city` varchar(255) COLLATE utf8_unicode_ci NOT NULL,
  `place` varchar(255) COLLATE utf8_unicode_ci NOT NULL,
  `organization` varchar(255) COLLATE utf8_unicode_ci DEFAULT NULL
) ENGINE=InnoDB DEFAULT CHARSET=utf8 COLLATE=utf8_unicode_ci;

LOCK TABLES `data_product_description` WRITE;
/*!40000 ALTER TABLE `data_product_description` DISABLE KEYS */;

INSERT INTO `data_product_description` (`data_product_id`, `language_id`, `name`, `vacis`, `file`, `field`, `city`, `place`, `organization`)
VALUES
	(3,1,'ádas','ádas',NULL,'đá','ádas','dsadas','sadasd'),
	(3,2,'áda','sdas',NULL,'đấ','sdsad','ádas','ádasdas'),
	(2,1,'asdas','dasdas',NULL,'dsad','sadsad','sadas','ádasd'),
	(2,2,'sad','sadsa',NULL,'dsadas','dsad','asdsa','ádasdasd'),
	(4,1,'Prevention of Biologic agent Laboratory','BSL3-002',NULL,'Biological','Hà Nội','21 Trung Liet, Dong Da District, Hanoi','ádasdas'),
	(4,2,'Prevention of Biologic agent Laboratory','BSL3-002',NULL,'Biological','Hà Nội','21 Trung Liet, Dong Da District, Hanoi','âsdasdas');

/*!40000 ALTER TABLE `data_product_description` ENABLE KEYS */;
UNLOCK TABLES;


# Dump of table data_products
# ------------------------------------------------------------

DROP TABLE IF EXISTS `data_products`;

CREATE TABLE `data_products` (
  `data_product_id` int(10) unsigned NOT NULL AUTO_INCREMENT,
  `sort_order` int(10) unsigned NOT NULL,
  `product_id` int(10) unsigned NOT NULL,
  `status` tinyint(3) unsigned NOT NULL,
  `created_at` timestamp NULL DEFAULT NULL,
  `updated_at` timestamp NULL DEFAULT NULL,
  PRIMARY KEY (`data_product_id`)
) ENGINE=InnoDB DEFAULT CHARSET=utf8 COLLATE=utf8_unicode_ci;

LOCK TABLES `data_products` WRITE;
/*!40000 ALTER TABLE `data_products` DISABLE KEYS */;

INSERT INTO `data_products` (`data_product_id`, `sort_order`, `product_id`, `status`, `created_at`, `updated_at`)
VALUES
	(2,1,1,0,'2019-08-08 06:04:57','2019-08-10 02:26:56'),
	(3,1,1,0,'2019-08-10 02:26:45','2019-08-10 02:26:45'),
	(4,1,2,0,'2019-08-13 02:35:07','2019-08-13 02:35:07');

/*!40000 ALTER TABLE `data_products` ENABLE KEYS */;
UNLOCK TABLES;


# Dump of table document_desc
# ------------------------------------------------------------

DROP TABLE IF EXISTS `document_desc`;

CREATE TABLE `document_desc` (
  `document_id` int(10) unsigned NOT NULL,
  `language_id` int(10) unsigned NOT NULL,
  `name` varchar(255) COLLATE utf8_unicode_ci NOT NULL,
  `description` varchar(255) COLLATE utf8_unicode_ci NOT NULL
) ENGINE=InnoDB DEFAULT CHARSET=utf8 COLLATE=utf8_unicode_ci;

LOCK TABLES `document_desc` WRITE;
/*!40000 ALTER TABLE `document_desc` DISABLE KEYS */;

INSERT INTO `document_desc` (`document_id`, `language_id`, `name`, `description`)
VALUES
	(1,1,'ádsad','ádas'),
	(1,2,'ádas','đá'),
	(2,1,'adas','dasdas'),
	(2,2,'dasdas','dasd'),
	(3,1,'ádas','đâs'),
	(3,2,'sada','sdas');

/*!40000 ALTER TABLE `document_desc` ENABLE KEYS */;
UNLOCK TABLES;


# Dump of table documents
# ------------------------------------------------------------

DROP TABLE IF EXISTS `documents`;

CREATE TABLE `documents` (
  `document_id` int(10) unsigned NOT NULL AUTO_INCREMENT,
  `product_id` int(10) unsigned NOT NULL,
  `sort_order` int(10) unsigned NOT NULL,
  `status` tinyint(3) unsigned NOT NULL,
  `link` text COLLATE utf8_unicode_ci,
  `created_at` timestamp NULL DEFAULT NULL,
  `updated_at` timestamp NULL DEFAULT NULL,
  PRIMARY KEY (`document_id`)
) ENGINE=InnoDB DEFAULT CHARSET=utf8 COLLATE=utf8_unicode_ci;

LOCK TABLES `documents` WRITE;
/*!40000 ALTER TABLE `documents` DISABLE KEYS */;

INSERT INTO `documents` (`document_id`, `product_id`, `sort_order`, `status`, `link`, `created_at`, `updated_at`)
VALUES
	(1,2,1,0,NULL,'2019-08-13 04:15:41','2019-08-13 04:15:41'),
	(2,1,12,0,NULL,'2019-08-13 04:18:05','2019-08-13 04:18:05'),
	(3,4,1,0,NULL,'2019-08-13 09:19:37','2019-08-13 09:19:37');

/*!40000 ALTER TABLE `documents` ENABLE KEYS */;
UNLOCK TABLES;


# Dump of table fields
# ------------------------------------------------------------

DROP TABLE IF EXISTS `fields`;

CREATE TABLE `fields` (
  `id` int(10) unsigned NOT NULL AUTO_INCREMENT,
  `created_at` timestamp NULL DEFAULT NULL,
  `updated_at` timestamp NULL DEFAULT NULL,
  PRIMARY KEY (`id`)
) ENGINE=InnoDB DEFAULT CHARSET=utf8 COLLATE=utf8_unicode_ci;



# Dump of table languages
# ------------------------------------------------------------

DROP TABLE IF EXISTS `languages`;

CREATE TABLE `languages` (
  `language_id` int(10) unsigned NOT NULL AUTO_INCREMENT,
  `name` varchar(32) COLLATE utf8_unicode_ci NOT NULL,
  `code` varchar(5) COLLATE utf8_unicode_ci NOT NULL,
  `locate` varchar(255) COLLATE utf8_unicode_ci NOT NULL,
  `image` varchar(255) COLLATE utf8_unicode_ci NOT NULL,
  `sort_order` int(10) unsigned NOT NULL,
  `status` tinyint(3) unsigned NOT NULL,
  PRIMARY KEY (`language_id`)
) ENGINE=InnoDB DEFAULT CHARSET=utf8 COLLATE=utf8_unicode_ci;

LOCK TABLES `languages` WRITE;
/*!40000 ALTER TABLE `languages` DISABLE KEYS */;

INSERT INTO `languages` (`language_id`, `name`, `code`, `locate`, `image`, `sort_order`, `status`)
VALUES
	(1,'Vietnamese','vi','vi-vn.UTF-8,vi-vn,vi-vn,vietnamese','vn.png',1,0),
	(2,'English','en','en-US,en_US.UTF-8,en_US,en-gb,english','en.png',2,0);

/*!40000 ALTER TABLE `languages` ENABLE KEYS */;
UNLOCK TABLES;


# Dump of table layouts
# ------------------------------------------------------------

DROP TABLE IF EXISTS `layouts`;

CREATE TABLE `layouts` (
  `layout_id` int(10) unsigned NOT NULL AUTO_INCREMENT,
  `name` varchar(64) COLLATE utf8_unicode_ci NOT NULL,
  `route` varchar(64) COLLATE utf8_unicode_ci NOT NULL,
  PRIMARY KEY (`layout_id`),
  UNIQUE KEY `layouts_route_unique` (`route`)
) ENGINE=InnoDB DEFAULT CHARSET=utf8 COLLATE=utf8_unicode_ci;



# Dump of table list_laboratories
# ------------------------------------------------------------

DROP TABLE IF EXISTS `list_laboratories`;

CREATE TABLE `list_laboratories` (
  `id` int(10) unsigned NOT NULL AUTO_INCREMENT,
  `created_at` timestamp NULL DEFAULT NULL,
  `updated_at` timestamp NULL DEFAULT NULL,
  PRIMARY KEY (`id`)
) ENGINE=InnoDB DEFAULT CHARSET=utf8 COLLATE=utf8_unicode_ci;



# Dump of table menu
# ------------------------------------------------------------

DROP TABLE IF EXISTS `menu`;

CREATE TABLE `menu` (
  `menu_id` int(10) unsigned NOT NULL AUTO_INCREMENT,
  `sort_order` int(10) unsigned NOT NULL,
  `status` tinyint(3) unsigned NOT NULL,
  `created_at` timestamp NULL DEFAULT NULL,
  `updated_at` timestamp NULL DEFAULT NULL,
  `cate_menu_id` int(11) DEFAULT NULL,
  PRIMARY KEY (`menu_id`)
) ENGINE=InnoDB DEFAULT CHARSET=utf8 COLLATE=utf8_unicode_ci;

LOCK TABLES `menu` WRITE;
/*!40000 ALTER TABLE `menu` DISABLE KEYS */;

INSERT INTO `menu` (`menu_id`, `sort_order`, `status`, `created_at`, `updated_at`, `cate_menu_id`)
VALUES
	(1,1,0,'2019-08-15 05:48:36','2019-08-15 05:48:36',1),
	(2,2,0,'2019-08-15 05:49:39','2019-08-15 05:49:39',1),
	(3,3,0,'2019-08-15 05:50:29','2019-08-15 05:50:29',1),
	(4,4,0,'2019-08-15 05:52:45','2019-08-15 05:52:45',1),
	(5,5,0,'2019-08-15 05:53:56','2019-08-15 05:54:18',1),
	(6,6,0,'2019-08-15 05:55:21','2019-08-15 05:55:21',2),
	(7,7,0,'2019-08-15 05:55:49','2019-08-15 05:55:49',2),
	(8,8,0,'2019-08-15 05:56:23','2019-08-15 05:56:23',2),
	(9,9,0,'2019-08-15 05:57:01','2019-08-15 05:57:01',2),
	(10,10,0,'2019-08-15 05:57:30','2019-08-15 05:57:30',2),
	(11,11,0,'2019-08-15 05:58:00','2019-08-15 05:58:00',2);

/*!40000 ALTER TABLE `menu` ENABLE KEYS */;
UNLOCK TABLES;


# Dump of table menu_descriptions
# ------------------------------------------------------------

DROP TABLE IF EXISTS `menu_descriptions`;

CREATE TABLE `menu_descriptions` (
  `menu_id` int(10) unsigned NOT NULL,
  `language_id` int(10) unsigned NOT NULL,
  `name` varchar(255) COLLATE utf8_unicode_ci NOT NULL,
  `description` text COLLATE utf8_unicode_ci NOT NULL,
  `content` text COLLATE utf8_unicode_ci NOT NULL,
  `meta_title` varchar(255) COLLATE utf8_unicode_ci NOT NULL,
  `meta_description` varchar(255) COLLATE utf8_unicode_ci NOT NULL,
  `meta_keyword` varchar(255) COLLATE utf8_unicode_ci NOT NULL
) ENGINE=InnoDB DEFAULT CHARSET=utf8 COLLATE=utf8_unicode_ci;

LOCK TABLES `menu_descriptions` WRITE;
/*!40000 ALTER TABLE `menu_descriptions` DISABLE KEYS */;

INSERT INTO `menu_descriptions` (`menu_id`, `language_id`, `name`, `description`, `content`, `meta_title`, `meta_description`, `meta_keyword`)
VALUES
	(2,1,'Sơ đồ tổ chức','Sơ đồ tổ chức','<p>Sơ đồ tổ chức</p>','Sơ đồ tổ chức','Sơ đồ tổ chức','Sơ đồ tổ chức'),
	(2,2,'Sơ đồ tổ chức','Sơ đồ tổ chức','<p>Sơ đồ tổ chức</p>','Sơ đồ tổ chức','Sơ đồ tổ chức','Sơ đồ tổ chức'),
	(3,1,'Chức năng nhiệm vụ','Chức năng nhiệm vụ','<p>Chức năng nhiệm vụ</p>','Chức năng nhiệm vụ','Chức năng nhiệm vụ','Chức năng nhiệm vụ'),
	(3,2,'Chức năng nhiệm vụ','Chức năng nhiệm vụ','<p>Chức năng nhiệm vụ</p>','Chức năng nhiệm vụ','Chức năng nhiệm vụ','Chức năng nhiệm vụ'),
	(4,1,'Ban lãnh đạo','Ban lãnh đạo','<h1>BAN L&Atilde;NH ĐẠO</h1>\r\n\r\n<p>&nbsp;</p>\r\n\r\n<ul>\r\n</ul>\r\n\r\n<p><strong>&Ocirc;ng Ho&agrave;ng Th&aacute;m&nbsp;</strong>&ndash; Gi&aacute;m đốc</p>\r\n\r\n<p>Tel: ... (Ext.10)</p>\r\n\r\n<p>Fax: ....</p>\r\n\r\n<p>Email: hoangtham@gmail.com</p>','Ban lãnh đạo','Ban lãnh đạo','Ban lãnh đạo'),
	(4,2,'Ban lãnh đạo','Ban lãnh đạo','<h1>BAN L&Atilde;NH ĐẠO</h1>\r\n\r\n<p>&nbsp;</p>\r\n\r\n<p>&nbsp;</p>\r\n\r\n<ul>\r\n</ul>\r\n\r\n<p><strong>&Ocirc;ng Ho&agrave;ng Th&aacute;m&nbsp;</strong>&ndash; Gi&aacute;m đốc</p>\r\n\r\n<p>Tel: ... (Ext.10)</p>\r\n\r\n<p>Fax: ....</p>\r\n\r\n<p>Email: hoangtham@gmail.com</p>','Ban lãnh đạo','Ban lãnh đạo','Ban lãnh đạo'),
	(5,1,'Công khai tài chính','Công khai tài chính','<p><strong>C&ocirc;ng khai t&agrave;i ch&iacute;nh</strong></p>','Công khai tài chính','Công khai tài chính','Công khai tài chính'),
	(5,2,'Công khai tài chính','Công khai tài chính','<p><strong>C&ocirc;ng khai t&agrave;i ch&iacute;nh</strong></p>','Công khai tài chính','Công khai tài chính','Công khai tài chính'),
	(6,1,'Công nhận là gì?','Công nhận là gì?','<p>C&ocirc;ng nhận l&agrave; g&igrave;?</p>','Công nhận là gì?','Công nhận là gì?','Công nhận là gì?'),
	(6,2,'Công nhận là gì?','Công nhận là gì?','<p>C&ocirc;ng nhận l&agrave; g&igrave;?</p>','Công nhận là gì?','Công nhận là gì?','Công nhận là gì?'),
	(7,1,'Lợi ích của công nhận','Lợi ích của công nhận','<p>Lợi &iacute;ch của c&ocirc;ng nhận</p>','Lợi ích của công nhận','Lợi ích của công nhận','Lợi ích của công nhận'),
	(7,2,'Lợi ích của công nhận','Lợi ích của công nhận','<p>Lợi &iacute;ch của c&ocirc;ng nhận</p>','Lợi ích của công nhận','Lợi ích của công nhận','Lợi ích của công nhận'),
	(8,1,'Loại hình công nhận','Loại hình công nhận','<p>Loại h&igrave;nh c&ocirc;ng nhận</p>','Loại hình công nhận','Loại hình công nhận','Loại hình công nhận'),
	(8,2,'Loại hình công nhận','Loại hình công nhận','<p>Loại h&igrave;nh c&ocirc;ng nhận</p>','Loại hình công nhận','Loại hình công nhận','Loại hình công nhận'),
	(9,1,'Chi phí công nhận','Chi phí công nhận','<p>Chi ph&iacute; c&ocirc;ng nhận</p>','Chi phí công nhận','Chi phí công nhận','Chi phí công nhận'),
	(9,2,'Chi phí công nhận','Chi phí công nhận','<p>Chi ph&iacute; c&ocirc;ng nhận</p>','Chi phí công nhận','Chi phí công nhận','Chi phí công nhận'),
	(10,1,'Làm thế nào để đạt được công nhận','Làm thế nào để đạt được công nhận','<p>L&agrave;m thế n&agrave;o để đạt được c&ocirc;ng nhận</p>','Làm thế nào để đạt được công nhận','Làm thế nào để đạt được công nhận','Làm thế nào để đạt được công nhận'),
	(10,2,'Làm thế nào để đạt được công nhận','Làm thế nào để đạt được công nhận','<p>L&agrave;m thế n&agrave;o để đạt được c&ocirc;ng nhận</p>','Làm thế nào để đạt được công nhận','Làm thế nào để đạt được công nhận','Làm thế nào để đạt được công nhận'),
	(11,1,'Thời gian để đạt được công nhận','Thời gian để đạt được công nhận','<h1>Thời gian để đạt được c&ocirc;ng nhận</h1>','Thời gian để đạt được công nhận','Thời gian để đạt được công nhận','Thời gian để đạt được công nhận'),
	(11,2,'Thời gian để đạt được công nhận','Thời gian để đạt được công nhận','<h1>Thời gian để đạt được c&ocirc;ng nhận</h1>','Thời gian để đạt được công nhận','Thời gian để đạt được công nhận','Thời gian để đạt được công nhận'),
	(1,1,'Giới thiệu chung','Giới thiệu chung','<div class=\"content\">\r\n<div class=\"field-group-div group-khung\">\r\n<div class=\"field field-label-hidden field-name-field-noidung field-type-text-long\">\r\n<div class=\"field-items\">\r\n<div class=\"even field-item\">\r\n<div class=\"rtecenter\" style=\"text-align:center\">\r\n<p style=\"margin-left:0cm; margin-right:0cm; text-align:center\"><span style=\"font-size:11pt\"><span style=\"background-color:white\"><span style=\"font-family:Calibri,sans-serif\"><strong><span style=\"font-size:16.0pt\"><span style=\"color:#333333\">GIỚI THIỆU CHUNG&nbsp;</span></span></strong><br />\r\n&nbsp;</span></span></span></p>\r\n\r\n<ol>\r\n	<li style=\"text-align:justify\"><span style=\"font-size:11pt\"><span style=\"background-color:white\"><span style=\"font-family:Calibri,sans-serif\"><span style=\"font-size:14.0pt\"><span style=\"color:#333333\">​Viện C&ocirc;ng nhận Chất lượng Việt Nam (Viện C&ocirc;ng nhận VACI) được th&agrave;nh lập theo Quyết định số: 06/QĐ-HTCCLVN, ng&agrave;y 09 th&aacute;ng 5 năm 2019 của Hội Khoa học v&agrave; Kỹ thuật về Ti&ecirc;u chuẩn v&agrave; Chất lượng Việt Nam. &nbsp;Ng&agrave;y 08 th&aacute;ng 7 năm 2019 Viện C&ocirc;ng nhận Chất lượng Việt Nam được Bộ Khoa học v&agrave; C&ocirc;ng nghệ cấp Chứng nhận Đăng k&yacute; hoạt động Khoa học v&agrave; C&ocirc;ng nghệ số: A &ndash; 2093. </span></span><strong><em><span style=\"font-size:14.0pt\"><span style=\"color:red\">(nội dung n&agrave;y sau khi c&oacute; QĐ b&ecirc;n TĐC sẽ bổ sung th&ecirc;m phần được chỉ định)</span></span></em></strong></span></span></span></li>\r\n</ol>\r\n\r\n<p style=\"margin-left:0cm; margin-right:0cm; text-align:justify\"><span style=\"font-size:11pt\"><span style=\"background-color:white\"><span style=\"font-family:Calibri,sans-serif\"><span style=\"font-size:14.0pt\"><span style=\"color:#333333\">Viện C&ocirc;ng nhận VACI l&agrave; tổ chức c&ocirc;ng nhận b&ecirc;n thứ ba của Việt Nam ra đời tr&ecirc;n tinh thần x&atilde; hội h&oacute;a hoạt động khoa học c&ocirc;ng nghệ. Hiện nay Viện đang trong qu&aacute; tr&igrave;nh x&acirc;y dựng triển khai c&aacute;c dịch vụ trong phạm vi được chỉ định, nhằm hỗ trợ c&aacute;c tổ chức trong v&agrave; ngo&agrave;i nước với xu thế hội nhập v&agrave; ph&aacute;t triển quốc tế.</span></span></span></span></span></p>\r\n\r\n<ol start=\"2\">\r\n	<li style=\"text-align:justify\"><span style=\"font-size:11pt\"><span style=\"background-color:white\"><span style=\"font-family:Calibri,sans-serif\"><span style=\"font-size:14.0pt\"><span style=\"color:#333333\">Thực hiện c&aacute;c hoạt động c&ocirc;ng nhận cho&nbsp;</span></span><strong><span style=\"font-size:14.0pt\"><span style=\"color:red\">tổ chức chứng nhận, ph&ograve;ng th&iacute; nghiệm, ph&ograve;ng hiệu chuẩn, tổ chức gi&aacute;m định v&agrave; c&aacute;c tổ chức đ&aacute;nh gi&aacute; sự ph&ugrave; hợp kh&aacute;c <em>(nội dung n&agrave;y sau khi c&oacute; QĐ b&ecirc;n TĐC sẽ bổ sung chỉnh sửa đ&uacute;ng năng lực được chỉ định)</em></span></span></strong></span></span></span></li>\r\n	<li style=\"text-align:justify\"><span style=\"font-size:11pt\"><span style=\"background-color:white\"><span style=\"font-family:Calibri,sans-serif\"><span style=\"font-size:14.0pt\"><span style=\"color:#333333\">Viện C&ocirc;ng nhận VACI, đ&atilde; </span></span><span style=\"font-size:14.0pt\"><span style=\"color:#333333\">x&acirc;y dựng v&agrave; &aacute;p dụng hệ thống quản l&yacute; theo ti&ecirc;u chuẩn ISO 17011, Ban l&atilde;nh đạo Viện C&ocirc;ng nhận VACI sẽ thực hiện theo kế hoạch v&agrave; y&ecirc;u cầu ph&aacute;p luật của Việt Nam, tham gia hoạt động tại c&aacute;c Tổ chức C&ocirc;ng nhận quốc tế v&agrave; khu vực như: Tổ chức c&ocirc;ng nhận c&aacute;c ph&ograve;ng th&iacute; nghiệm Ch&acirc;u &Aacute; &ndash; Th&aacute;i B&igrave;nh Dương (APLAC), Tổ chức C&ocirc;ng nhận c&aacute;c ph&ograve;ng th&iacute; nghiệm quốc tế (ILAC) v&agrave; Tổ chức C&ocirc;ng nhận Ch&acirc;u &Aacute; &ndash; Th&aacute;i B&igrave;nh Dương (PAC), diễn đ&agrave;n c&ocirc;ng nhận quốc tế (IAF).</span></span></span></span></span></li>\r\n</ol>\r\n\r\n<p style=\"margin-left:0cm; margin-right:0cm\"><br />\r\n&nbsp;</p>\r\n</div>\r\n</div>\r\n</div>\r\n</div>\r\n\r\n<div class=\"field-group-div group-tintuckhung1 uk-width-1-1 uk-width-medium-3-4\">\r\n<div class=\"field field-label-hidden field-name-field-chiase field-type-markup\">\r\n<div class=\"field-items\">\r\n<div class=\"even field-item\">\r\n<div class=\"fb-like\" style=\"float:right\">&nbsp;</div>\r\n</div>\r\n</div>\r\n</div>\r\n</div>\r\n</div>\r\n</div>','Giới thiệu chung','Giới thiệu chung','Giới thiệu chung'),
	(1,2,'Giới thiệu chung','Giới thiệu chung','<div class=\"content\">\r\n<div class=\"field-group-div group-khung\">\r\n<div class=\"field field-label-hidden field-name-field-noidung field-type-text-long\">\r\n<div class=\"field-items\">\r\n<div class=\"even field-item\">\r\n<div class=\"rtecenter\" style=\"text-align:center\">\r\n<p style=\"margin-left:0cm; margin-right:0cm; text-align:center\"><span style=\"font-size:11pt\"><span style=\"background-color:white\"><span style=\"font-family:Calibri,sans-serif\"><strong><span style=\"font-size:16.0pt\"><span style=\"color:#333333\">GIỚI THIỆU CHUNG</span></span></strong><br />\r\n&nbsp;</span></span></span></p>\r\n\r\n<ol>\r\n	<li style=\"text-align:justify\"><span style=\"font-size:11pt\"><span style=\"background-color:white\"><span style=\"font-family:Calibri,sans-serif\"><span style=\"font-size:14.0pt\"><span style=\"color:#333333\">​Viện C&ocirc;ng nhận Chất lượng Việt Nam (Viện C&ocirc;ng nhận VACI) được th&agrave;nh lập theo Quyết định số: 06/QĐ-HTCCLVN, ng&agrave;y 09 th&aacute;ng 5 năm 2019 của Hội Khoa học v&agrave; Kỹ thuật về Ti&ecirc;u chuẩn v&agrave; Chất lượng Việt Nam. &nbsp;Ng&agrave;y 08 th&aacute;ng 7 năm 2019 Viện C&ocirc;ng nhận Chất lượng Việt Nam được Bộ Khoa học v&agrave; C&ocirc;ng nghệ cấp Chứng nhận Đăng k&yacute; hoạt động Khoa học v&agrave; C&ocirc;ng nghệ số: A &ndash; 2093. </span></span><strong><em><span style=\"font-size:14.0pt\"><span style=\"color:red\">(nội dung n&agrave;y sau khi c&oacute; QĐ b&ecirc;n TĐC sẽ bổ sung th&ecirc;m phần được chỉ định)</span></span></em></strong></span></span></span></li>\r\n</ol>\r\n\r\n<p style=\"margin-left:0cm; margin-right:0cm; text-align:justify\"><span style=\"font-size:11pt\"><span style=\"background-color:white\"><span style=\"font-family:Calibri,sans-serif\"><span style=\"font-size:14.0pt\"><span style=\"color:#333333\">Viện C&ocirc;ng nhận VACI l&agrave; tổ chức c&ocirc;ng nhận b&ecirc;n thứ ba của Việt Nam ra đời tr&ecirc;n tinh thần x&atilde; hội h&oacute;a hoạt động khoa học c&ocirc;ng nghệ. Hiện nay Viện đang trong qu&aacute; tr&igrave;nh x&acirc;y dựng triển khai c&aacute;c dịch vụ trong phạm vi được chỉ định, nhằm hỗ trợ c&aacute;c tổ chức trong v&agrave; ngo&agrave;i nước với xu thế hội nhập v&agrave; ph&aacute;t triển quốc tế.</span></span></span></span></span></p>\r\n\r\n<ol start=\"2\">\r\n	<li style=\"text-align:justify\"><span style=\"font-size:11pt\"><span style=\"background-color:white\"><span style=\"font-family:Calibri,sans-serif\"><span style=\"font-size:14.0pt\"><span style=\"color:#333333\">Thực hiện c&aacute;c hoạt động c&ocirc;ng nhận cho&nbsp;</span></span><strong><span style=\"font-size:14.0pt\"><span style=\"color:red\">tổ chức chứng nhận, ph&ograve;ng th&iacute; nghiệm, ph&ograve;ng hiệu chuẩn, tổ chức gi&aacute;m định v&agrave; c&aacute;c tổ chức đ&aacute;nh gi&aacute; sự ph&ugrave; hợp kh&aacute;c <em>(nội dung n&agrave;y sau khi c&oacute; QĐ b&ecirc;n TĐC sẽ bổ sung chỉnh sửa đ&uacute;ng năng lực được chỉ định)</em></span></span></strong></span></span></span></li>\r\n	<li style=\"text-align:justify\"><span style=\"font-size:11pt\"><span style=\"background-color:white\"><span style=\"font-family:Calibri,sans-serif\"><span style=\"font-size:14.0pt\"><span style=\"color:#333333\">Viện C&ocirc;ng nhận VACI, đ&atilde; </span></span><span style=\"font-size:14.0pt\"><span style=\"color:#333333\">x&acirc;y dựng v&agrave; &aacute;p dụng hệ thống quản l&yacute; theo ti&ecirc;u chuẩn ISO 17011, Ban l&atilde;nh đạo Viện C&ocirc;ng nhận VACI sẽ thực hiện theo kế hoạch v&agrave; y&ecirc;u cầu ph&aacute;p luật của Việt Nam, tham gia hoạt động tại c&aacute;c Tổ chức C&ocirc;ng nhận quốc tế v&agrave; khu vực như: Tổ chức c&ocirc;ng nhận c&aacute;c ph&ograve;ng th&iacute; nghiệm Ch&acirc;u &Aacute; &ndash; Th&aacute;i B&igrave;nh Dương (APLAC), Tổ chức C&ocirc;ng nhận c&aacute;c ph&ograve;ng th&iacute; nghiệm quốc tế (ILAC) v&agrave; Tổ chức C&ocirc;ng nhận Ch&acirc;u &Aacute; &ndash; Th&aacute;i B&igrave;nh Dương (PAC), diễn đ&agrave;n c&ocirc;ng nhận quốc tế (IAF).</span></span></span></span></span></li>\r\n</ol>\r\n\r\n<p style=\"margin-left:0cm; margin-right:0cm\"><br />\r\n&nbsp;</p>\r\n</div>\r\n</div>\r\n</div>\r\n</div>\r\n\r\n<div class=\"field-group-div group-tintuckhung1 uk-width-1-1 uk-width-medium-3-4\">\r\n<div class=\"field field-label-hidden field-name-field-chiase field-type-markup\">\r\n<div class=\"field-items\">\r\n<div class=\"even field-item\">\r\n<div class=\"fb-like\" style=\"float:right\">&nbsp;</div>\r\n</div>\r\n</div>\r\n</div>\r\n</div>\r\n</div>\r\n</div>','Giới thiệu chung','Giới thiệu chung','Giới thiệu chung');

/*!40000 ALTER TABLE `menu_descriptions` ENABLE KEYS */;
UNLOCK TABLES;


# Dump of table migrations
# ------------------------------------------------------------

DROP TABLE IF EXISTS `migrations`;

CREATE TABLE `migrations` (
  `id` int(10) unsigned NOT NULL AUTO_INCREMENT,
  `migration` varchar(255) COLLATE utf8_unicode_ci NOT NULL,
  `batch` int(11) NOT NULL,
  PRIMARY KEY (`id`)
) ENGINE=InnoDB DEFAULT CHARSET=utf8 COLLATE=utf8_unicode_ci;

LOCK TABLES `migrations` WRITE;
/*!40000 ALTER TABLE `migrations` DISABLE KEYS */;

INSERT INTO `migrations` (`id`, `migration`, `batch`)
VALUES
	(1,'2014_10_12_000000_create_users_table',1),
	(2,'2014_10_12_100000_create_password_resets_table',1),
	(3,'2018_06_17_051226_create_languages_table',1),
	(4,'2018_06_20_133949_create_modules_table',1),
	(5,'2018_06_20_144649_create_layouts_table',1),
	(6,'2018_06_20_145210_create_settings_table',1),
	(7,'2018_07_05_090159_create_blog_tags_table',1),
	(8,'2018_07_05_090321_create_categories_table',1),
	(9,'2018_07_05_090341_create_category_descriptions_table',1),
	(10,'2018_07_06_085204_create_blog_posts_table',1),
	(11,'2018_07_06_090024_create_blog_post_descriptions_table',1),
	(12,'2018_07_09_073651_create_contacts_table',1),
	(16,'2019_07_12_185719_create_tranning_new_table',1),
	(17,'2019_07_12_185739_create_new_table',1),
	(18,'2019_07_12_191810_create_field_table',1),
	(19,'2019_07_12_191858_create_list_laboratory_table',1),
	(20,'2019_07_12_191928_create_document_form_table',1),
	(21,'2019_07_13_161258_create_category_description_item_table',1),
	(22,'2019_07_13_165512_create_slides_table',2),
	(25,'2019_07_12_184922_create_partner_table',3),
	(26,'2018_07_05_090321_create_blog_categories_table',4),
	(27,'2018_07_05_090341_create_blog_category_descriptions_table',4),
	(28,'2019_08_07_160242_create_products_table',5),
	(29,'2019_08_07_160344_create_product_descriptions_table',5),
	(32,'2019_08_07_163546_create_data_products_table',5),
	(33,'2019_08_07_163610_create_data_product_description_table',5),
	(40,'2019_08_07_162243_create_applications_form_table',7),
	(41,'2019_08_07_162310_create_application_form_descriptions_table',7),
	(42,'2019_07_12_184835_create_document_desc_table',8),
	(43,'2019_07_12_184852_create_document_table',9),
	(44,'2019_08_14_025648_create_supports_table',10),
	(45,'2019_08_14_025854_create_support_descriptions_table',10),
	(46,'2019_08_15_024358_create_cate_menu_table',11),
	(47,'2019_08_15_024426_create_cate_menu_descriptions_table',11),
	(48,'2019_08_15_024502_create_menu_descriptions_table',11),
	(49,'2019_08_15_024722_create_menu_table',11);

/*!40000 ALTER TABLE `migrations` ENABLE KEYS */;
UNLOCK TABLES;


# Dump of table modules
# ------------------------------------------------------------

DROP TABLE IF EXISTS `modules`;

CREATE TABLE `modules` (
  `module_id` int(10) unsigned NOT NULL AUTO_INCREMENT,
  `code` varchar(32) COLLATE utf8_unicode_ci NOT NULL,
  `name` varchar(255) COLLATE utf8_unicode_ci NOT NULL,
  `status` tinyint(4) NOT NULL,
  `setting` text COLLATE utf8_unicode_ci NOT NULL,
  PRIMARY KEY (`module_id`)
) ENGINE=InnoDB DEFAULT CHARSET=utf8 COLLATE=utf8_unicode_ci;



# Dump of table news
# ------------------------------------------------------------

DROP TABLE IF EXISTS `news`;

CREATE TABLE `news` (
  `id` int(10) unsigned NOT NULL AUTO_INCREMENT,
  `created_at` timestamp NULL DEFAULT NULL,
  `updated_at` timestamp NULL DEFAULT NULL,
  PRIMARY KEY (`id`)
) ENGINE=InnoDB DEFAULT CHARSET=utf8 COLLATE=utf8_unicode_ci;



# Dump of table partners
# ------------------------------------------------------------

DROP TABLE IF EXISTS `partners`;

CREATE TABLE `partners` (
  `id` int(10) unsigned NOT NULL AUTO_INCREMENT,
  `name` varchar(255) COLLATE utf8_unicode_ci NOT NULL,
  `image` varchar(255) COLLATE utf8_unicode_ci NOT NULL,
  `url` varchar(255) COLLATE utf8_unicode_ci NOT NULL,
  `status` tinyint(3) unsigned NOT NULL,
  `sort_order` int(10) unsigned NOT NULL,
  `created_at` timestamp NULL DEFAULT NULL,
  `updated_at` timestamp NULL DEFAULT NULL,
  PRIMARY KEY (`id`)
) ENGINE=InnoDB DEFAULT CHARSET=utf8 COLLATE=utf8_unicode_ci;

LOCK TABLES `partners` WRITE;
/*!40000 ALTER TABLE `partners` DISABLE KEYS */;

INSERT INTO `partners` (`id`, `name`, `image`, `url`, `status`, `sort_order`, `created_at`, `updated_at`)
VALUES
	(1,'ilac','images/partner/a30bs9qk_ilac_069fc.jpg','https://ilac.org/',0,0,'2019-07-13 20:33:50','2019-08-13 07:39:59'),
	(2,'ilac','images/partner/apac_logo_header_00106daea2b8.png','https://www.apac-accreditation.org/',0,0,'2019-08-13 07:27:05','2019-08-13 07:27:05'),
	(3,'iaf','images/partner/a30bsfqa_img_iaf8935.jpg','http://www.iaf.nu',0,0,'2019-08-13 07:27:51','2019-08-13 07:27:51'),
	(4,'gov','images/partner/tai_xuong65de.png','http://www.most.gov.vn',0,0,'2019-08-13 07:28:31','2019-08-13 07:28:31'),
	(5,'tcvn','images/partner/tdcs_logo2600.jpg','http://www.tcvn.vn/sites/head/vi/trang-chu.aspx',0,0,'2019-08-13 07:29:04','2019-08-13 07:29:04');

/*!40000 ALTER TABLE `partners` ENABLE KEYS */;
UNLOCK TABLES;


# Dump of table password_resets
# ------------------------------------------------------------

DROP TABLE IF EXISTS `password_resets`;

CREATE TABLE `password_resets` (
  `email` varchar(255) COLLATE utf8_unicode_ci NOT NULL,
  `token` varchar(255) COLLATE utf8_unicode_ci NOT NULL,
  `created_at` timestamp NULL DEFAULT NULL,
  KEY `password_resets_email_index` (`email`)
) ENGINE=InnoDB DEFAULT CHARSET=utf8 COLLATE=utf8_unicode_ci;



# Dump of table product_descriptions
# ------------------------------------------------------------

DROP TABLE IF EXISTS `product_descriptions`;

CREATE TABLE `product_descriptions` (
  `product_id` int(10) unsigned NOT NULL,
  `language_id` int(10) unsigned NOT NULL,
  `name` varchar(255) COLLATE utf8_unicode_ci NOT NULL,
  `description` text COLLATE utf8_unicode_ci NOT NULL,
  `content` text COLLATE utf8_unicode_ci NOT NULL,
  `meta_title` varchar(255) COLLATE utf8_unicode_ci NOT NULL,
  `meta_description` varchar(255) COLLATE utf8_unicode_ci NOT NULL,
  `meta_keyword` varchar(255) COLLATE utf8_unicode_ci NOT NULL
) ENGINE=InnoDB DEFAULT CHARSET=utf8 COLLATE=utf8_unicode_ci;

LOCK TABLES `product_descriptions` WRITE;
/*!40000 ALTER TABLE `product_descriptions` DISABLE KEYS */;

INSERT INTO `product_descriptions` (`product_id`, `language_id`, `name`, `description`, `content`, `meta_title`, `meta_description`, `meta_keyword`)
VALUES
	(2,1,'Công nhận năng lực phòng thí nghiệm y tế','Công nhận năng lực phòng thí nghiệm y tế','<div class=\"content\">\r\n<div class=\"field field-label-hidden field-name-field-dichvu-phamvi field-type-markup\">\r\n<div class=\"field-items\">\r\n<div class=\"even field-item\">&nbsp;</div>\r\n</div>\r\n</div>\r\n\r\n<div class=\"field field-label-hidden field-name-field-dich-vu-noi-dung-bai-viet field-type-text-long\">\r\n<div class=\"field-items\">\r\n<div class=\"even field-item\">\r\n<p><br />\r\n<span style=\"font-size:18px\"><strong>CHƯƠNG TR&Igrave;NH C&Ocirc;NG NHẬN TỔ CHỨC CHỨNG NHẬN (VICAS)</strong></span></p>\r\n\r\n<p><span style=\"font-size:14px\">L&agrave; một trong những chương tr&igrave;nh c&ocirc;ng nhận của Văn ph&ograve;ng C&ocirc;ng nhận Chất lượng (BoA)</span></p>\r\n\r\n<p><span style=\"font-size:14px\">&bull; &nbsp; &nbsp;Được tổ chức v&agrave; hoạt động ph&ugrave; hợp với TCVN ISO/IEC 17011:2007&nbsp;<br />\r\n&bull; &nbsp; &nbsp;L&agrave; th&agrave;nh vi&ecirc;n của c&aacute;c tổ chức c&ocirc;ng nhận trong khu vực v&agrave; quốc tế như: Diễn đ&agrave;n C&ocirc;ng nhận Thế giới &ndash; IAF; Tổ chức C&ocirc;ng nhận Ch&acirc;u &Aacute; Th&aacute;i B&igrave;nh Dương &ndash; PAC&nbsp;<br />\r\n&bull; &nbsp; &nbsp;L&agrave; th&agrave;nh vi&ecirc;n Thỏa ước Thừa nhận Lẫn nhau của Diễn đ&agrave;n C&ocirc;ng nhận Thế giới &ndash; IAF MLA cho lĩnh vực c&ocirc;ng nhận tổ chức chứng nhận hệ thống quản l&yacute; chất lượng (QMS), hệ thống quản l&yacute; m&ocirc;i trường (EMS), hệ thống quản l&yacute; an to&agrave;n thực phẩm (FSMS), sản phẩm (PRODUCT).</span></p>\r\n\r\n<p><span style=\"font-size:14px\"><strong>Phạm vi c&ocirc;ng nhận&nbsp;</strong><br />\r\nVICAS cung cấp dịch vụ c&ocirc;ng nhận cho c&aacute;c tổ chức chứng nhận trong v&agrave; ngo&agrave;i nước thuộc c&aacute;c lĩnh vực:</span></p>\r\n\r\n<p><span style=\"font-size:14px\">&bull; &nbsp; &nbsp;Chứng nhận hệ thống quản l&yacute; chất lượng (<strong>QMS</strong>);<br />\r\n&bull; &nbsp; &nbsp;Chứng nhận hệ thống quản l&yacute; m&ocirc;i trường (<strong>EMS</strong>);<br />\r\n&bull; &nbsp; &nbsp;Chứng nhận hệ thống quản l&yacute; an to&agrave;n thực phẩm (<strong>FSMS</strong>);<br />\r\n&bull; &nbsp; &nbsp;Chứng nhận sản phẩm ph&ugrave; hợp ti&ecirc;u chuẩn (<strong>PRODUCT</strong>);<br />\r\n&bull; &nbsp; &nbsp;Chứng nhận năng lực c&aacute; nh&acirc;n;<br />\r\n&bull; &nbsp; &nbsp;Chứng nhận c&aacute;c hệ thống quản l&yacute; kh&aacute;c theo y&ecirc;u cầu.</span></p>\r\n\r\n<p><span style=\"font-size:14px\"><strong>Chuẩn mực c&ocirc;ng nhận</strong><br />\r\n<strong>Đối với c&ocirc;ng nhận tổ chức chứng nhận hệ thống quản l&yacute; chất lượng (QMS), hệ thống quản l&yacute; m&ocirc;i trường (EMS)</strong></span></p>\r\n\r\n<p>&bull; &nbsp; &nbsp;ISO/IEC 17021/ ISO/IEC 17021-1: Y&ecirc;u cầu cho tổ chức đ&aacute;nh gi&aacute; v&agrave; chứng nhận Hệ thống Quản l&yacute;;<br />\r\n&bull; &nbsp; &nbsp;ISO/IEC TS 17021-2: Y&ecirc;u cầu năng lực đối với việc đ&aacute;nh gi&aacute; v&agrave; chứng nhận Hệ thống Quản l&yacute; M&ocirc;i trường;<br />\r\n&bull; &nbsp; &nbsp;ISO/IEC TS 17021-3: Y&ecirc;u cầu năng lực đối với việc đ&aacute;nh gi&aacute; v&agrave; chứng nhận Hệ thống Quản l&yacute; Chất lượng;<br />\r\n&bull; &nbsp; &nbsp;C&aacute;c t&agrave;i liệu bắt buộc &aacute;p dụng của IAF.</p>\r\n\r\n<p><span style=\"font-size:14px\"><strong>Đối với c&ocirc;ng nhận tổ chức chứng nhận sản phẩm (PRODUCT)</strong></span></p>\r\n\r\n<p>&bull; &nbsp; &nbsp;TCVN ISO/IEC 17065: Đ&aacute;nh gi&aacute; sự ph&ugrave; hợp &ndash; Y&ecirc;u cầu đối với tổ chức chứng nhận sản phẩm, qu&aacute; tr&igrave;nh, dịch vụ.</p>\r\n\r\n<p><span style=\"font-size:14px\"><strong>Đối với c&ocirc;ng nhận tổ chức chứng nhận hệ thống quản l&yacute; an to&agrave;n thực phẩm (FSMS)</strong></span></p>\r\n\r\n<p>&bull; &nbsp; &nbsp;TCVN ISO/TS 22003: Hệ thống quản l&yacute; an to&agrave;n thực phẩm &ndash; Y&ecirc;u cầu đối với c&aacute;c cơ quan tiến h&agrave;nh đ&aacute;nh gi&aacute; v&agrave; chứng nhận hệ thống quản l&yacute; an to&agrave;n thực phẩm.</p>\r\n\r\n<p><span style=\"font-size:14px\"><strong>Đối với c&ocirc;ng nhận tổ chức chứng nhận năng lực c&aacute; nh&acirc;n</strong></span></p>\r\n\r\n<p>&bull; &nbsp; &nbsp;TCVN ISO/IEC 17024: Đ&aacute;nh gi&aacute; sự ph&ugrave; hợp &ndash; Y&ecirc;u cầu chung đối với tổ chức chứng nhận năng lực c&aacute; nh&acirc;n.</p>\r\n\r\n<p><span style=\"font-size:14px\"><strong>Lợi &iacute;ch của c&ocirc;ng nhận</strong></span></p>\r\n\r\n<p><span style=\"font-size:14px\">&bull; &nbsp; &nbsp;Tạo l&ograve;ng tin cho kh&aacute;ch h&agrave;ng v&agrave; c&aacute;c b&ecirc;n c&oacute; li&ecirc;n quan về t&iacute;nh kh&aacute;ch quan v&agrave; độ tin cậy của tổ chức chứng nhận;<br />\r\n&bull; &nbsp; &nbsp;Th&uacute;c đẩy hoạt động thừa nhận lẫn nhau về kết quả chứng nhận giữa c&aacute;c quốc gia;<br />\r\n&bull; &nbsp; &nbsp;Đảm bảo sự thống nhất trong c&aacute;c hoạt động chứng nhận tại Việt nam v&agrave; th&uacute;c đẩy việc &aacute;p dụng c&aacute;c m&ocirc; h&igrave;nh quản l&yacute; ti&ecirc;n tiến.</span></p>\r\n\r\n<p>&nbsp;</p>\r\n</div>\r\n</div>\r\n</div>\r\n\r\n<div class=\"field field-label-hidden field-name-field-makup-chia-se field-type-markup\">\r\n<div class=\"field-items\">\r\n<div class=\"even field-item\">\r\n<div style=\"float:right; margin-left:5px\">\r\n<div class=\"g-plusone\">&nbsp;</div>\r\n</div>\r\n\r\n<div class=\"fb-like\" style=\"float:right\">&nbsp;</div>\r\n</div>\r\n</div>\r\n</div>\r\n</div>','Công nhận năng lực phòng thí nghiệm y tế','Công nhận năng lực phòng thí nghiệm y tế','Công nhận năng lực phòng thí nghiệm y tế'),
	(2,2,'CERTIFICATION BODIES','CERTIFICATION BODIES','<div class=\"content\">\r\n<div class=\"field field-label-hidden field-name-field-dichvu-phamvi field-type-markup\">\r\n<div class=\"field-items\">\r\n<div class=\"even field-item\">&nbsp;</div>\r\n</div>\r\n</div>\r\n\r\n<div class=\"field field-label-hidden field-name-field-dichvu-noi-dung field-type-text-long\">\r\n<div class=\"field-items\">\r\n<div class=\"even field-item\">\r\n<p><strong>VIETNAM CERTIFICATION ACCREDITATION SCHEME (VICAS)</strong><br />\r\n<br />\r\nThe Vietnam Certification Accreditation Scheme (VICAS) - one of accreditation schemes of Bureau of Accreditation (BoA) is<br />\r\n&bull;&nbsp;&nbsp; &nbsp;Organized and operated in compliance with the requirements of ISO/IEC 17011:2004;<br />\r\n&bull;&nbsp;&nbsp; &nbsp;Member of International Accreditation Forum (IAF) and Pacific Accreditation Cooperation (PAC);<br />\r\n&bull;&nbsp;&nbsp; &nbsp;Member of IAF Multilateral Recognition Arrangement for Quality Management System (QMS), Food safety Management System (FSMS) and Product Certification (PRODUCT).<br />\r\n<br />\r\n<strong>Accreditation schemes</strong><br />\r\n<br />\r\nVICAS provides accreditation service to all local and overseas certification bodies which carry out the certification of:<br />\r\n<br />\r\n&bull;&nbsp;&nbsp; &nbsp;Quality Management System (QMS);<br />\r\n&bull;&nbsp;&nbsp; &nbsp;Environment Management System (EMS);<br />\r\n&bull;&nbsp;&nbsp; &nbsp;Food Safety Management System (FSMS);<br />\r\n&bull;&nbsp;&nbsp; &nbsp;Product certification (PRODUCT);<br />\r\n&bull;&nbsp;&nbsp; &nbsp;Personnel certification; and<br />\r\n&bull;&nbsp;&nbsp; &nbsp;Other Management Systems as required.<br />\r\n<br />\r\n<strong>Accreditation Criteria</strong><br />\r\n<br />\r\nFor accreditation of QMS and EMS Certification Bodies<br />\r\n<br />\r\n&bull;&nbsp;&nbsp; &nbsp;ISO/IEC 17021/ ISO/IEC 17021-1: Requirements for bodies providing audit and certification of management systems;<br />\r\n&bull;&nbsp;&nbsp; &nbsp;ISO/IEC TS 17021-2: Competence requirements for auditing and certification of environmental management systems;<br />\r\n&bull;&nbsp;&nbsp; &nbsp;ISO/IEC TS 17021-3: Competence requirements for auditing and certification of quality management systems;<br />\r\n&bull;&nbsp;&nbsp; &nbsp;IAF Mandatory documents.<br />\r\n<br />\r\n<strong>For accreditation of Product Certification Bodies</strong><br />\r\n<br />\r\n&bull;&nbsp;&nbsp; &nbsp;ISO/IEC 17065: Conformity assessment &ndash; Requirements for bodies certifying products, processes and services.<br />\r\n<br />\r\n<strong>For accreditation of FSMS Certification Bodies</strong><br />\r\n<br />\r\n&bull;&nbsp;&nbsp; &nbsp;ISO/TS 22003: Food safety management systems &ndash; Requirements for bodies providing audit and certification of food safety management systems;<br />\r\n<br />\r\n<strong>For accreditation of Personnel Certification Bodies</strong><br />\r\n<br />\r\n&bull;&nbsp;&nbsp; &nbsp;ISO/IEC 17024: Conformity assessment - Requirements for bodies operating certification of persons.<br />\r\n<br />\r\n<strong>Benefits of Accreditation</strong><br />\r\n<br />\r\n&bull;&nbsp;&nbsp; &nbsp;To provide confidence for customers and concerning parties in the credibility and objectivity of certification bodies;<br />\r\n&bull;&nbsp;&nbsp; &nbsp;To encourage the multilateral recognition of certification among nations;<br />\r\n&bull;&nbsp;&nbsp; &nbsp;To strengthen the unity in the operation of the certification in Vietnam and support for the implementation of management systems.</p>\r\n\r\n<p>&nbsp;</p>\r\n</div>\r\n</div>\r\n</div>\r\n\r\n<div class=\"field field-label-hidden field-name-field-makup-chia-se field-type-markup\">\r\n<div class=\"field-items\">\r\n<div class=\"even field-item\">\r\n<div style=\"float:right; margin-left:5px\">\r\n<div class=\"g-plusone\">&nbsp;</div>\r\n</div>\r\n\r\n<div class=\"fb-like\" style=\"float:right\">&nbsp;</div>\r\n</div>\r\n</div>\r\n</div>\r\n</div>','CERTIFICATION BODIES','CERTIFICATION BODIES','CERTIFICATION BODIES'),
	(1,1,'Công nhận năng lực phòng thí nghiệm','Công nhận năng lực phòng thí nghiệm','<p>&lt;</p>\r\n\r\n<div class=\"content\">\r\n<div class=\"field field-label-hidden field-name-field-dichvu-phamvi field-type-markup\">\r\n<div class=\"field-items\">\r\n<div class=\"even field-item\">&nbsp;</div>\r\n</div>\r\n</div>\r\n\r\n<div class=\"field field-label-hidden field-name-field-dich-vu-noi-dung-bai-viet field-type-text-long\">\r\n<div class=\"field-items\">\r\n<div class=\"even field-item\">\r\n<div class=\"rtecenter\"><br />\r\n<span style=\"font-size:18px\"><strong>CHƯƠNG TR&Igrave;NH C&Ocirc;NG NHẬN PH&Ograve;NG TH&Iacute; NGHIỆM (VILAS)</strong></span></div>\r\n<br />\r\n<span style=\"font-size:14px\"><strong>L&agrave; một trong c&aacute;c chương tr&igrave;nh c&ocirc;ng nhận của Văn ph&ograve;ng C&ocirc;ng nhận Chất lượng (BoA):</strong></span>\r\n\r\n<div class=\"rteindent1\"><span style=\"font-size:14px\">&bull;&nbsp;&nbsp; &nbsp;Tổ chức v&agrave; hoạt động ph&ugrave; hợp với ISO/IEC 17011:2004<br />\r\n&bull;&nbsp;&nbsp; &nbsp;Chuẩn mực đ&aacute;nh gi&aacute;: ISO/IEC 17025:2005 v&agrave; c&aacute;c y&ecirc;u cầu bổ sung cho từng lĩnh vực cụ thể.<br />\r\n&bull;&nbsp;&nbsp; &nbsp;L&agrave; th&agrave;nh vi&ecirc;n đầy đủ v&agrave; k&yacute; thoả ước thừa nhận lẫn nhau MRA với:</span></div>\r\n\r\n<div class=\"rteindent2\"><span style=\"font-size:14px\">o&nbsp;&nbsp; &nbsp;Tổ chức Hợp t&aacute;c C&ocirc;ng nhận ph&ograve;ng th&iacute; nghiệm Ch&acirc;u &Aacute; &ndash; Th&aacute;i B&igrave;nh Dương (APLAC)<br />\r\no&nbsp;&nbsp; &nbsp;Tổ chức Hợp t&aacute;c C&ocirc;ng nhận ph&ograve;ng th&iacute; nghiệm quốc tế (ILAC)</span></div>\r\n<span style=\"font-size:14px\"> Đến nay, hơn 900 ph&ograve;ng th&iacute; nghiệm đ&atilde; được BoA đ&aacute;nh gi&aacute; v&agrave; c&ocirc;ng nhận.<br />\r\n<strong>Lợi &iacute;ch c&ocirc;ng nhận</strong></span>\r\n\r\n<div class=\"rteindent1\"><span style=\"font-size:14px\">&bull;&nbsp;&nbsp; &nbsp;N&acirc;ng cao năng lực kỹ thuật v&agrave; quản l&yacute; ph&ograve;ng th&iacute; nghiệm<br />\r\n&bull;&nbsp;&nbsp; &nbsp;Đảm bảo t&iacute;nh ch&iacute;nh x&aacute;c, độ tin cậy của kết quả thử nghiệm/hiệu chuẩn<br />\r\n&bull;&nbsp;&nbsp; &nbsp;Tạo điều ki&ecirc;n thừa nhận quốc tế kết quả thử nghiệm/hiệu chuẩn<br />\r\n&bull;&nbsp;&nbsp; &nbsp;Ho&agrave; nhập hoạt động c&ocirc;ng nhận Ph&ograve;ng th&iacute; nghiệm của Việt Nam c&aacute;c nước trong khu vực v&agrave; quốc tế.</span></div>\r\n<span style=\"font-size:14px\"> <strong>C&aacute;c lĩnh vực c&ocirc;ng nhận</strong></span>\r\n\r\n<div class=\"rteindent1\"><span style=\"font-size:14px\">&bull;&nbsp;&nbsp; &nbsp;Cơ&nbsp;<br />\r\n&bull;&nbsp;&nbsp; &nbsp;Ho&aacute;&nbsp;<br />\r\n&bull;&nbsp;&nbsp; &nbsp;Sinh&nbsp;<br />\r\n&bull;&nbsp;&nbsp; &nbsp;Dược phẩm<br />\r\n&bull;&nbsp;&nbsp; &nbsp;Điện - Điện tử<br />\r\n&bull;&nbsp;&nbsp; &nbsp;Vật liệu x&acirc;y dựng<br />\r\n&bull;&nbsp;&nbsp; &nbsp;Kh&ocirc;ng ph&aacute; huỷ<br />\r\n&bull;&nbsp;&nbsp; &nbsp;Đo lường hiệu chuẩn<br />\r\n&bull;&nbsp;&nbsp; &nbsp;An to&agrave;n sinh học<br />\r\n&bull;&nbsp;&nbsp; &nbsp;Y tế</span></div>\r\n</div>\r\n</div>\r\n</div>\r\n\r\n<div class=\"field field-label-hidden field-name-field-makup-chia-se field-type-markup\">\r\n<div class=\"field-items\">\r\n<div class=\"even field-item\">\r\n<div style=\"float:right; margin-left:5px\">\r\n<div class=\"g-plusone\">&nbsp;</div>\r\n</div>\r\n\r\n<div class=\"fb-like\" style=\"float:right\">&nbsp;</div>\r\n</div>\r\n</div>\r\n</div>\r\n</div>','Công nhận năng lực phòng thí nghiệm','Công nhận năng lực phòng thí nghiệm','Công nhận năng lực phòng thí nghiệm'),
	(1,2,'LABORATORIES','LABORATORIES','<div class=\"content\">\r\n<div class=\"field field-label-hidden field-name-field-dichvu-phamvi field-type-markup\">\r\n<div class=\"field-items\">\r\n<div class=\"even field-item\">&nbsp;</div>\r\n</div>\r\n</div>\r\n\r\n<div class=\"field field-label-hidden field-name-field-dich-vu-noi-dung-bai-viet field-type-text-long\">\r\n<div class=\"field-items\">\r\n<div class=\"even field-item\"><strong>THE VIETNAM LABORATORY ACCREDITATION SCHEME (VILAS)</strong><br />\r\n<br />\r\nVietnam Laboratory Accreditation Scheme (VILAS) is one of accreditation schemes of BoA:<br />\r\n&bull;&nbsp;&nbsp; &nbsp;Organization and operation conform with the requirements of ISO/IEC 17011:2004<br />\r\n&bull;&nbsp;&nbsp; &nbsp;Assessment criteria: ISO/IEC 17025:2005 and supplementary requirements for each specific scope<br />\r\n&bull;&nbsp;&nbsp; &nbsp;Full member and signatory of Mutual Recognition Arrangement with&nbsp;<br />\r\no&nbsp;&nbsp; &nbsp;Asia Pacific Laboratory Accreditation Cooperation (APLAC)<br />\r\no&nbsp;&nbsp; &nbsp;International Laboratory Accreditation Cooperation (ILAC)<br />\r\nUp to now, over 900 laboratories have been accredited.<br />\r\n<strong>Benefit of Laboratory Accreditation&nbsp;</strong><br />\r\n&bull;&nbsp;&nbsp; &nbsp;To upgraded the competence of laboratory on &nbsp;technical and management aspects<br />\r\n&bull;&nbsp;&nbsp; &nbsp;To ensure the correctness and reliability of testing/calibration<br />\r\n&bull;&nbsp;&nbsp; &nbsp;To facilitate the recognition of testing/calibration results<br />\r\n&bull;&nbsp;&nbsp; &nbsp;To integrate the laboratory accreditation activities of Vietnam with those of regional and international countries.<br />\r\n<strong>The Accreditation Field</strong><br />\r\n&bull;&nbsp;&nbsp; &nbsp;Mechanical<br />\r\n&bull;&nbsp;&nbsp; &nbsp;Chemical<br />\r\n&bull;&nbsp;&nbsp; &nbsp;Biological<br />\r\n&bull;&nbsp;&nbsp; &nbsp;Pharmaceutical<br />\r\n&bull;&nbsp;&nbsp; &nbsp;Electrical &ndash; Electronic<br />\r\n&bull;&nbsp;&nbsp; &nbsp;Civil Engineering<br />\r\n&bull;&nbsp;&nbsp; &nbsp;Non-Destruction testing<br />\r\n&bull;&nbsp;&nbsp; &nbsp;Measurement and Calibration<br />\r\n&bull;&nbsp;&nbsp; &nbsp;Biosafety<br />\r\n&bull;&nbsp;&nbsp; &nbsp;Medical</div>\r\n</div>\r\n</div>\r\n\r\n<div class=\"field field-label-hidden field-name-field-makup-chia-se field-type-markup\">\r\n<div class=\"field-items\">\r\n<div class=\"even field-item\">\r\n<div style=\"float:right; margin-left:5px\">\r\n<div class=\"g-plusone\">&nbsp;</div>\r\n</div>\r\n\r\n<div class=\"fb-like\" style=\"float:right\">&nbsp;</div>\r\n</div>\r\n</div>\r\n</div>\r\n</div>','LABORATORIES','LABORATORIES','LABORATORIES'),
	(3,1,'Công nhận năng lực tổ chức giám định','Công nhận năng lực tổ chức giám định','<div class=\"content\">\r\n<div class=\"field field-label-hidden field-name-field-dichvu-phamvi field-type-markup\">\r\n<div class=\"field-items\">\r\n<div class=\"even field-item\">&nbsp;</div>\r\n</div>\r\n</div>\r\n\r\n<div class=\"field field-label-hidden field-name-field-dich-vu-noi-dung-bai-viet field-type-text-long\">\r\n<div class=\"field-items\">\r\n<div class=\"even field-item\">\r\n<p><br />\r\n<span style=\"font-size:18px\"><strong>HỆ THỐNG C&Ocirc;NG NHẬN TỔ CHỨC GI&Aacute;M ĐỊNH (VIAS)</strong></span></p>\r\n\r\n<p><span style=\"font-size:14px\"><strong>L&agrave; một trong c&aacute;c chương tr&igrave;nh c&ocirc;ng nhận của Văn ph&ograve;ng C&ocirc;ng nhận Chất lượng (BoA)</strong></span></p>\r\n\r\n<p><span style=\"font-size:14px\">&bull;&nbsp;&nbsp; &nbsp;Tổ chức v&agrave; hoạt động ph&ugrave; hợp với ISO/IEC 17011:2004<br />\r\n&bull;&nbsp;&nbsp; &nbsp;Chuẩn mực đ&aacute;nh gi&aacute;: &nbsp; ISO/ IEC 17020:2012 v&agrave; c&aacute;c y&ecirc;u cầu bổ sung<br />\r\n&bull;&nbsp;&nbsp; &nbsp;L&agrave; th&agrave;nh vi&ecirc;n đầy đủ v&agrave; k&yacute; thỏa ước thừa nhận lẫn nhau MRA với Tổ chức &nbsp;c&ocirc;ng nhận ph&ograve;ng th&iacute; nghiệm Ch&acirc;u &Aacute; &ndash; Th&aacute;i B&igrave;nh Dương (APLAC) v&agrave; Tổ chức C&ocirc;ng nhận c&aacute;c ph&ograve;ng th&iacute; nghiệm quốc tế (ILAC).</span></p>\r\n\r\n<p><span style=\"font-size:14px\"><strong>Lợi &iacute;ch của c&ocirc;ng nhận</strong></span></p>\r\n\r\n<p><span style=\"font-size:14px\">&bull;&nbsp;&nbsp; &nbsp;N&acirc;ng cao năng lực quản l&yacute; v&agrave; kỹ thuật của tổ chức gi&aacute;m định.<br />\r\n&bull;&nbsp;&nbsp; &nbsp;C&ocirc;ng nhận năng lực thực hiện dịch vụ gi&aacute;m định của tổ chức gi&aacute;m định.<br />\r\n&bull;&nbsp;&nbsp; &nbsp;Hội nhập hoạt động c&ocirc;ng nhận tổ chức gi&aacute;m định của Việt Nam với c&aacute;c nước trong khu vực v&agrave; Quốc tế.</span></p>\r\n</div>\r\n</div>\r\n</div>\r\n\r\n<div class=\"field field-label-hidden field-name-field-makup-chia-se field-type-markup\">\r\n<div class=\"field-items\">\r\n<div class=\"even field-item\">\r\n<div style=\"float:right; margin-left:5px\">\r\n<div class=\"g-plusone\">&nbsp;</div>\r\n</div>\r\n\r\n<div class=\"fb-like\" style=\"float:right\">&nbsp;</div>\r\n</div>\r\n</div>\r\n</div>\r\n</div>','Công nhận năng lực tổ chức giám định','Công nhận năng lực tổ chức giám định','Công nhận năng lực tổ chức giám định'),
	(3,2,'INSPECTION BODIES','INSPECTION BODIES','<div class=\"content\">\r\n<div class=\"field field-label-hidden field-name-field-dichvu-phamvi field-type-markup\">\r\n<div class=\"field-items\">\r\n<div class=\"even field-item\">&nbsp;</div>\r\n</div>\r\n</div>\r\n\r\n<div class=\"field field-label-hidden field-name-field-dich-vu-noi-dung-bai-viet field-type-text-long\">\r\n<div class=\"field-items\">\r\n<div class=\"even field-item\"><strong>VIETNAM INSPECTION ACCREDITATION SCHEME (VIAS)</strong><br />\r\n<br />\r\n<strong>Vietnam Inspection Accreditation Scheme (VIAS) is one of accreditation schemes of BoA</strong><br />\r\n&bull;&nbsp;&nbsp; &nbsp;Organization and operation conform with the requirements of ISO/IEC 17011:2004<br />\r\n&bull;&nbsp;&nbsp; &nbsp;Assessment criteria: ISO/IEC 17020:2012 and supplementary requirements&nbsp;<br />\r\n&bull;&nbsp;&nbsp; &nbsp;Full member and signatory of Mutual Recognition Arrangement with Asia Pacific Laboratory Accreditation Cooperation (APLAC) and International Laboratory Accreditation Cooperation (ILAC).<br />\r\n<br />\r\n<strong>Benefit of accreditation</strong><br />\r\n&bull;&nbsp;&nbsp; &nbsp;Improving management and technical performance;<br />\r\n&bull;&nbsp;&nbsp; &nbsp;Permission to use the accreditation stamp and logo on certificates of documents for advertisement;<br />\r\n&bull;&nbsp;&nbsp; &nbsp;Accredited Inspection bodies are able to be recognized by government authority to carry out inspecting commodities for government enforcement;<br />\r\n&bull;&nbsp;&nbsp; &nbsp;Enhancing image and competitive advantages in the domestic market and the world;<br />\r\n&bull;&nbsp;&nbsp; &nbsp;The customer can select the accredited inspection bodies who are independent, impartial and competent</div>\r\n</div>\r\n</div>\r\n\r\n<div class=\"field field-label-hidden field-name-field-makup-chia-se field-type-markup\">\r\n<div class=\"field-items\">\r\n<div class=\"even field-item\">\r\n<div style=\"float:right; margin-left:5px\">\r\n<div class=\"g-plusone\">&nbsp;</div>\r\n</div>\r\n\r\n<div class=\"fb-like\" style=\"float:right\">&nbsp;</div>\r\n</div>\r\n</div>\r\n</div>\r\n</div>','INSPECTION BODIES','INSPECTION BODIES','INSPECTION BODIES'),
	(4,1,'Công nhận tổ chức chứng nhận','Tổ chức chứng nhận','<div class=\"content\">\r\n<div class=\"field field-label-hidden field-name-field-dichvu-phamvi field-type-markup\">\r\n<div class=\"field-items\">\r\n<div class=\"even field-item\">&nbsp;</div>\r\n</div>\r\n</div>\r\n\r\n<div class=\"field field-label-hidden field-name-field-dich-vu-noi-dung-bai-viet field-type-text-long\">\r\n<div class=\"field-items\">\r\n<div class=\"even field-item\">\r\n<p><br />\r\n<span style=\"font-size:18px\"><strong>CHƯƠNG TR&Igrave;NH C&Ocirc;NG NHẬN TỔ CHỨC CHỨNG NHẬN (VICAS)</strong></span></p>\r\n\r\n<p><span style=\"font-size:14px\">L&agrave; một trong những chương tr&igrave;nh c&ocirc;ng nhận của Văn ph&ograve;ng C&ocirc;ng nhận Chất lượng (BoA)</span></p>\r\n\r\n<p><span style=\"font-size:14px\">&bull; &nbsp; &nbsp;Được tổ chức v&agrave; hoạt động ph&ugrave; hợp với TCVN ISO/IEC 17011:2007&nbsp;<br />\r\n&bull; &nbsp; &nbsp;L&agrave; th&agrave;nh vi&ecirc;n của c&aacute;c tổ chức c&ocirc;ng nhận trong khu vực v&agrave; quốc tế như: Diễn đ&agrave;n C&ocirc;ng nhận Thế giới &ndash; IAF; Tổ chức C&ocirc;ng nhận Ch&acirc;u &Aacute; Th&aacute;i B&igrave;nh Dương &ndash; PAC&nbsp;<br />\r\n&bull; &nbsp; &nbsp;L&agrave; th&agrave;nh vi&ecirc;n Thỏa ước Thừa nhận Lẫn nhau của Diễn đ&agrave;n C&ocirc;ng nhận Thế giới &ndash; IAF MLA cho lĩnh vực c&ocirc;ng nhận tổ chức chứng nhận hệ thống quản l&yacute; chất lượng (QMS), hệ thống quản l&yacute; m&ocirc;i trường (EMS), hệ thống quản l&yacute; an to&agrave;n thực phẩm (FSMS), sản phẩm (PRODUCT).</span></p>\r\n\r\n<p><span style=\"font-size:14px\"><strong>Phạm vi c&ocirc;ng nhận&nbsp;</strong><br />\r\nVICAS cung cấp dịch vụ c&ocirc;ng nhận cho c&aacute;c tổ chức chứng nhận trong v&agrave; ngo&agrave;i nước thuộc c&aacute;c lĩnh vực:</span></p>\r\n\r\n<p><span style=\"font-size:14px\">&bull; &nbsp; &nbsp;Chứng nhận hệ thống quản l&yacute; chất lượng (<strong>QMS</strong>);<br />\r\n&bull; &nbsp; &nbsp;Chứng nhận hệ thống quản l&yacute; m&ocirc;i trường (<strong>EMS</strong>);<br />\r\n&bull; &nbsp; &nbsp;Chứng nhận hệ thống quản l&yacute; an to&agrave;n thực phẩm (<strong>FSMS</strong>);<br />\r\n&bull; &nbsp; &nbsp;Chứng nhận sản phẩm ph&ugrave; hợp ti&ecirc;u chuẩn (<strong>PRODUCT</strong>);<br />\r\n&bull; &nbsp; &nbsp;Chứng nhận năng lực c&aacute; nh&acirc;n;<br />\r\n&bull; &nbsp; &nbsp;Chứng nhận c&aacute;c hệ thống quản l&yacute; kh&aacute;c theo y&ecirc;u cầu.</span></p>\r\n\r\n<p><span style=\"font-size:14px\"><strong>Chuẩn mực c&ocirc;ng nhận</strong><br />\r\n<strong>Đối với c&ocirc;ng nhận tổ chức chứng nhận hệ thống quản l&yacute; chất lượng (QMS), hệ thống quản l&yacute; m&ocirc;i trường (EMS)</strong></span></p>\r\n\r\n<p>&bull; &nbsp; &nbsp;ISO/IEC 17021/ ISO/IEC 17021-1: Y&ecirc;u cầu cho tổ chức đ&aacute;nh gi&aacute; v&agrave; chứng nhận Hệ thống Quản l&yacute;;<br />\r\n&bull; &nbsp; &nbsp;ISO/IEC TS 17021-2: Y&ecirc;u cầu năng lực đối với việc đ&aacute;nh gi&aacute; v&agrave; chứng nhận Hệ thống Quản l&yacute; M&ocirc;i trường;<br />\r\n&bull; &nbsp; &nbsp;ISO/IEC TS 17021-3: Y&ecirc;u cầu năng lực đối với việc đ&aacute;nh gi&aacute; v&agrave; chứng nhận Hệ thống Quản l&yacute; Chất lượng;<br />\r\n&bull; &nbsp; &nbsp;C&aacute;c t&agrave;i liệu bắt buộc &aacute;p dụng của IAF.</p>\r\n\r\n<p><span style=\"font-size:14px\"><strong>Đối với c&ocirc;ng nhận tổ chức chứng nhận sản phẩm (PRODUCT)</strong></span></p>\r\n\r\n<p>&bull; &nbsp; &nbsp;TCVN ISO/IEC 17065: Đ&aacute;nh gi&aacute; sự ph&ugrave; hợp &ndash; Y&ecirc;u cầu đối với tổ chức chứng nhận sản phẩm, qu&aacute; tr&igrave;nh, dịch vụ.</p>\r\n\r\n<p><span style=\"font-size:14px\"><strong>Đối với c&ocirc;ng nhận tổ chức chứng nhận hệ thống quản l&yacute; an to&agrave;n thực phẩm (FSMS)</strong></span></p>\r\n\r\n<p>&bull; &nbsp; &nbsp;TCVN ISO/TS 22003: Hệ thống quản l&yacute; an to&agrave;n thực phẩm &ndash; Y&ecirc;u cầu đối với c&aacute;c cơ quan tiến h&agrave;nh đ&aacute;nh gi&aacute; v&agrave; chứng nhận hệ thống quản l&yacute; an to&agrave;n thực phẩm.</p>\r\n\r\n<p><span style=\"font-size:14px\"><strong>Đối với c&ocirc;ng nhận tổ chức chứng nhận năng lực c&aacute; nh&acirc;n</strong></span></p>\r\n\r\n<p>&bull; &nbsp; &nbsp;TCVN ISO/IEC 17024: Đ&aacute;nh gi&aacute; sự ph&ugrave; hợp &ndash; Y&ecirc;u cầu chung đối với tổ chức chứng nhận năng lực c&aacute; nh&acirc;n.</p>\r\n\r\n<p><span style=\"font-size:14px\"><strong>Lợi &iacute;ch của c&ocirc;ng nhận</strong></span></p>\r\n\r\n<p><span style=\"font-size:14px\">&bull; &nbsp; &nbsp;Tạo l&ograve;ng tin cho kh&aacute;ch h&agrave;ng v&agrave; c&aacute;c b&ecirc;n c&oacute; li&ecirc;n quan về t&iacute;nh kh&aacute;ch quan v&agrave; độ tin cậy của tổ chức chứng nhận;<br />\r\n&bull; &nbsp; &nbsp;Th&uacute;c đẩy hoạt động thừa nhận lẫn nhau về kết quả chứng nhận giữa c&aacute;c quốc gia;<br />\r\n&bull; &nbsp; &nbsp;Đảm bảo sự thống nhất trong c&aacute;c hoạt động chứng nhận tại Việt nam v&agrave; th&uacute;c đẩy việc &aacute;p dụng c&aacute;c m&ocirc; h&igrave;nh quản l&yacute; ti&ecirc;n tiến.</span></p>\r\n\r\n<p>&nbsp;</p>\r\n</div>\r\n</div>\r\n</div>\r\n\r\n<div class=\"field field-label-hidden field-name-field-makup-chia-se field-type-markup\">\r\n<div class=\"field-items\">\r\n<div class=\"even field-item\">\r\n<div style=\"float:right; margin-left:5px\">\r\n<div class=\"g-plusone\">&nbsp;</div>\r\n</div>\r\n\r\n<div class=\"fb-like\" style=\"float:right\">&nbsp;</div>\r\n</div>\r\n</div>\r\n</div>\r\n</div>','Tổ chức chứng nhận','Tổ chức chứng nhận','Tổ chức chứng nhận'),
	(4,2,'CERTIFICATION BODIES','CERTIFICATION BODIES','<div class=\"content\">\r\n<div class=\"field field-label-hidden field-name-field-dichvu-phamvi field-type-markup\">\r\n<div class=\"field-items\">\r\n<div class=\"even field-item\">&nbsp;</div>\r\n</div>\r\n</div>\r\n\r\n<div class=\"field field-label-hidden field-name-field-dichvu-noi-dung field-type-text-long\">\r\n<div class=\"field-items\">\r\n<div class=\"even field-item\">\r\n<p><strong>VIETNAM CERTIFICATION ACCREDITATION SCHEME (VICAS)</strong><br />\r\n<br />\r\nThe Vietnam Certification Accreditation Scheme (VICAS) - one of accreditation schemes of Bureau of Accreditation (BoA) is<br />\r\n&bull;&nbsp;&nbsp; &nbsp;Organized and operated in compliance with the requirements of ISO/IEC 17011:2004;<br />\r\n&bull;&nbsp;&nbsp; &nbsp;Member of International Accreditation Forum (IAF) and Pacific Accreditation Cooperation (PAC);<br />\r\n&bull;&nbsp;&nbsp; &nbsp;Member of IAF Multilateral Recognition Arrangement for Quality Management System (QMS), Food safety Management System (FSMS) and Product Certification (PRODUCT).<br />\r\n<br />\r\n<strong>Accreditation schemes</strong><br />\r\n<br />\r\nVICAS provides accreditation service to all local and overseas certification bodies which carry out the certification of:<br />\r\n<br />\r\n&bull;&nbsp;&nbsp; &nbsp;Quality Management System (QMS);<br />\r\n&bull;&nbsp;&nbsp; &nbsp;Environment Management System (EMS);<br />\r\n&bull;&nbsp;&nbsp; &nbsp;Food Safety Management System (FSMS);<br />\r\n&bull;&nbsp;&nbsp; &nbsp;Product certification (PRODUCT);<br />\r\n&bull;&nbsp;&nbsp; &nbsp;Personnel certification; and<br />\r\n&bull;&nbsp;&nbsp; &nbsp;Other Management Systems as required.<br />\r\n<br />\r\n<strong>Accreditation Criteria</strong><br />\r\n<br />\r\nFor accreditation of QMS and EMS Certification Bodies<br />\r\n<br />\r\n&bull;&nbsp;&nbsp; &nbsp;ISO/IEC 17021/ ISO/IEC 17021-1: Requirements for bodies providing audit and certification of management systems;<br />\r\n&bull;&nbsp;&nbsp; &nbsp;ISO/IEC TS 17021-2: Competence requirements for auditing and certification of environmental management systems;<br />\r\n&bull;&nbsp;&nbsp; &nbsp;ISO/IEC TS 17021-3: Competence requirements for auditing and certification of quality management systems;<br />\r\n&bull;&nbsp;&nbsp; &nbsp;IAF Mandatory documents.<br />\r\n<br />\r\n<strong>For accreditation of Product Certification Bodies</strong><br />\r\n<br />\r\n&bull;&nbsp;&nbsp; &nbsp;ISO/IEC 17065: Conformity assessment &ndash; Requirements for bodies certifying products, processes and services.<br />\r\n<br />\r\n<strong>For accreditation of FSMS Certification Bodies</strong><br />\r\n<br />\r\n&bull;&nbsp;&nbsp; &nbsp;ISO/TS 22003: Food safety management systems &ndash; Requirements for bodies providing audit and certification of food safety management systems;<br />\r\n<br />\r\n<strong>For accreditation of Personnel Certification Bodies</strong><br />\r\n<br />\r\n&bull;&nbsp;&nbsp; &nbsp;ISO/IEC 17024: Conformity assessment - Requirements for bodies operating certification of persons.<br />\r\n<br />\r\n<strong>Benefits of Accreditation</strong><br />\r\n<br />\r\n&bull;&nbsp;&nbsp; &nbsp;To provide confidence for customers and concerning parties in the credibility and objectivity of certification bodies;<br />\r\n&bull;&nbsp;&nbsp; &nbsp;To encourage the multilateral recognition of certification among nations;<br />\r\n&bull;&nbsp;&nbsp; &nbsp;To strengthen the unity in the operation of the certification in Vietnam and support for the implementation of management systems.</p>\r\n\r\n<p>&nbsp;</p>\r\n</div>\r\n</div>\r\n</div>\r\n\r\n<div class=\"field field-label-hidden field-name-field-makup-chia-se field-type-markup\">\r\n<div class=\"field-items\">\r\n<div class=\"even field-item\">\r\n<div style=\"float:right; margin-left:5px\">\r\n<div class=\"g-plusone\">&nbsp;</div>\r\n</div>\r\n\r\n<div class=\"fb-like\" style=\"float:right\">&nbsp;</div>\r\n</div>\r\n</div>\r\n</div>\r\n</div>','CERTIFICATION BODIES','CERTIFICATION BODIES','CERTIFICATION BODIES');

/*!40000 ALTER TABLE `product_descriptions` ENABLE KEYS */;
UNLOCK TABLES;


# Dump of table products
# ------------------------------------------------------------

DROP TABLE IF EXISTS `products`;

CREATE TABLE `products` (
  `product_id` int(10) unsigned NOT NULL AUTO_INCREMENT,
  `sort_order` int(10) unsigned NOT NULL,
  `status` tinyint(3) unsigned NOT NULL,
  `image` varchar(255) COLLATE utf8_unicode_ci NOT NULL,
  `created_at` timestamp NULL DEFAULT NULL,
  `updated_at` timestamp NULL DEFAULT NULL,
  PRIMARY KEY (`product_id`)
) ENGINE=InnoDB DEFAULT CHARSET=utf8 COLLATE=utf8_unicode_ci;

LOCK TABLES `products` WRITE;
/*!40000 ALTER TABLE `products` DISABLE KEYS */;

INSERT INTO `products` (`product_id`, `sort_order`, `status`, `image`, `created_at`, `updated_at`)
VALUES
	(1,1,0,'images/slide/img-3402d51d.jpg','2019-08-07 17:25:41','2019-08-07 17:25:41'),
	(2,2,0,'images/slide/img_9097_0e8ca.jpg','2019-08-07 17:28:19','2019-08-07 17:28:19'),
	(3,1,0,'images/logo/logo1.png','2019-08-13 08:43:35','2019-08-13 08:43:35'),
	(4,5,0,'images/logo/logo.png','2019-08-13 08:45:34','2019-08-13 08:45:34');

/*!40000 ALTER TABLE `products` ENABLE KEYS */;
UNLOCK TABLES;


# Dump of table settings
# ------------------------------------------------------------

DROP TABLE IF EXISTS `settings`;

CREATE TABLE `settings` (
  `setting_id` int(10) unsigned NOT NULL AUTO_INCREMENT,
  `code` varchar(32) COLLATE utf8_unicode_ci NOT NULL,
  `value` text COLLATE utf8_unicode_ci NOT NULL,
  `serialized` tinyint(4) NOT NULL,
  PRIMARY KEY (`setting_id`)
) ENGINE=InnoDB DEFAULT CHARSET=utf8 COLLATE=utf8_unicode_ci;

LOCK TABLES `settings` WRITE;
/*!40000 ALTER TABLE `settings` DISABLE KEYS */;

INSERT INTO `settings` (`setting_id`, `code`, `value`, `serialized`)
VALUES
	(197,'meta_title','vaci',0),
	(198,'meta_description','vaci',0),
	(199,'meta_keyword','vaci',0),
	(200,'facebook','https://www.facebook.com/ChiQuang05011996',0),
	(201,'google','facebook.com',0),
	(202,'twitter','https://twitter.com/NguynChQuang2',0),
	(203,'skype','live:2bd68b2b33f88ed2',0),
	(204,'copyright','All right reserved',0),
	(205,'sort_link','2019 by VACI',0),
	(206,'logo','images/logo/logo-backgroud.png',0),
	(207,'lat','20.997541',0),
	(208,'lng','105.780548',0),
	(209,'admin_language','1',0),
	(210,'address','hanoi',0),
	(211,'email','quang.nguyen@vmodev.com',0),
	(212,'phone','0976330569',0),
	(213,'susses','Sussess',0),
	(214,'error','Error',0);

/*!40000 ALTER TABLE `settings` ENABLE KEYS */;
UNLOCK TABLES;


# Dump of table slides
# ------------------------------------------------------------

DROP TABLE IF EXISTS `slides`;

CREATE TABLE `slides` (
  `id` int(10) unsigned NOT NULL AUTO_INCREMENT,
  `title` varchar(255) COLLATE utf8_unicode_ci NOT NULL DEFAULT '',
  `image` varchar(255) COLLATE utf8_unicode_ci NOT NULL DEFAULT '',
  `status` tinyint(3) unsigned NOT NULL,
  `sort_order` int(10) unsigned NOT NULL,
  `created_at` timestamp NULL DEFAULT NULL,
  `updated_at` timestamp NULL DEFAULT NULL,
  PRIMARY KEY (`id`)
) ENGINE=InnoDB DEFAULT CHARSET=utf8 COLLATE=utf8_unicode_ci;

LOCK TABLES `slides` WRITE;
/*!40000 ALTER TABLE `slides` DISABLE KEYS */;

INSERT INTO `slides` (`id`, `title`, `image`, `status`, `sort_order`, `created_at`, `updated_at`)
VALUES
	(2,'Công nhận','images/slide/Picture1.png',0,0,'2019-07-13 18:18:51','2019-08-17 03:53:15'),
	(4,'Công nhận','images/slide/img2.jpeg',0,1,'2019-08-07 13:35:06','2019-08-17 03:08:19'),
	(5,'Công nhận','images/slide/img3.jpeg',0,2,'2019-08-07 13:35:23','2019-08-17 03:08:30');

/*!40000 ALTER TABLE `slides` ENABLE KEYS */;
UNLOCK TABLES;


# Dump of table support_descriptions
# ------------------------------------------------------------

DROP TABLE IF EXISTS `support_descriptions`;

CREATE TABLE `support_descriptions` (
  `support_id` int(10) unsigned NOT NULL,
  `language_id` int(10) unsigned NOT NULL,
  `name` varchar(255) COLLATE utf8_unicode_ci NOT NULL,
  `title` varchar(255) COLLATE utf8_unicode_ci NOT NULL
) ENGINE=InnoDB DEFAULT CHARSET=utf8 COLLATE=utf8_unicode_ci;

LOCK TABLES `support_descriptions` WRITE;
/*!40000 ALTER TABLE `support_descriptions` DISABLE KEYS */;

INSERT INTO `support_descriptions` (`support_id`, `language_id`, `name`, `title`)
VALUES
	(1,1,'Ms Hương','Công nhận tổ chức chứng nhận'),
	(1,2,'Ms Hương','Công nhận tổ chức chứng nhận'),
	(2,1,'Mr Vững','Công nhận phòng thí nhiệm'),
	(2,2,'Mr Vững','Công nhận phòng thí nhiệm');

/*!40000 ALTER TABLE `support_descriptions` ENABLE KEYS */;
UNLOCK TABLES;


# Dump of table supports
# ------------------------------------------------------------

DROP TABLE IF EXISTS `supports`;

CREATE TABLE `supports` (
  `support_id` int(10) unsigned NOT NULL AUTO_INCREMENT,
  `sort_order` int(10) unsigned NOT NULL,
  `status` tinyint(3) unsigned NOT NULL,
  `image` varchar(255) COLLATE utf8_unicode_ci NOT NULL,
  `phone` varchar(255) COLLATE utf8_unicode_ci NOT NULL,
  `linkSkype` varchar(255) COLLATE utf8_unicode_ci DEFAULT NULL,
  `created_at` timestamp NULL DEFAULT NULL,
  `updated_at` timestamp NULL DEFAULT NULL,
  PRIMARY KEY (`support_id`)
) ENGINE=InnoDB DEFAULT CHARSET=utf8 COLLATE=utf8_unicode_ci;

LOCK TABLES `supports` WRITE;
/*!40000 ALTER TABLE `supports` DISABLE KEYS */;

INSERT INTO `supports` (`support_id`, `sort_order`, `status`, `image`, `phone`, `linkSkype`, `created_at`, `updated_at`)
VALUES
	(1,1,0,'images/support/9.jpg','0976330569','live:2bd68b2b33f88ed2','2019-08-14 05:37:52','2019-08-14 05:37:52'),
	(2,2,0,'images/support/9.jpg','0976330569','live:2bd68b2b33f88ed2','2019-08-14 05:38:42','2019-08-14 05:38:42');

/*!40000 ALTER TABLE `supports` ENABLE KEYS */;
UNLOCK TABLES;


# Dump of table trannig_news
# ------------------------------------------------------------

DROP TABLE IF EXISTS `trannig_news`;

CREATE TABLE `trannig_news` (
  `id` int(10) unsigned NOT NULL AUTO_INCREMENT,
  `created_at` timestamp NULL DEFAULT NULL,
  `updated_at` timestamp NULL DEFAULT NULL,
  PRIMARY KEY (`id`)
) ENGINE=InnoDB DEFAULT CHARSET=utf8 COLLATE=utf8_unicode_ci;



# Dump of table users
# ------------------------------------------------------------

DROP TABLE IF EXISTS `users`;

CREATE TABLE `users` (
  `id` int(10) unsigned NOT NULL AUTO_INCREMENT,
  `name` varchar(255) COLLATE utf8_unicode_ci NOT NULL,
  `email` varchar(255) COLLATE utf8_unicode_ci NOT NULL,
  `password` varchar(255) COLLATE utf8_unicode_ci NOT NULL,
  `remember_token` varchar(100) COLLATE utf8_unicode_ci DEFAULT NULL,
  `created_at` timestamp NULL DEFAULT NULL,
  `updated_at` timestamp NULL DEFAULT NULL,
  PRIMARY KEY (`id`),
  UNIQUE KEY `users_email_unique` (`email`)
) ENGINE=InnoDB DEFAULT CHARSET=utf8 COLLATE=utf8_unicode_ci;

LOCK TABLES `users` WRITE;
/*!40000 ALTER TABLE `users` DISABLE KEYS */;

INSERT INTO `users` (`id`, `name`, `email`, `password`, `remember_token`, `created_at`, `updated_at`)
VALUES
	(3,'admin','admin@gmail.com','$2y$10$xIicdfTWJnGxI0OamxCZSeVz.jr90gYeBVKrpr8idVPvFTgX.dAeG','lpOkrrXCK8mnzceYhQc8AOfy4KUzmP1ZbhFNvxBNfwXaeKFGgGINz62uuDAx',NULL,NULL);

/*!40000 ALTER TABLE `users` ENABLE KEYS */;
UNLOCK TABLES;



/*!40111 SET SQL_NOTES=@OLD_SQL_NOTES */;
/*!40101 SET SQL_MODE=@OLD_SQL_MODE */;
/*!40014 SET FOREIGN_KEY_CHECKS=@OLD_FOREIGN_KEY_CHECKS */;
/*!40101 SET CHARACTER_SET_CLIENT=@OLD_CHARACTER_SET_CLIENT */;
/*!40101 SET CHARACTER_SET_RESULTS=@OLD_CHARACTER_SET_RESULTS */;
/*!40101 SET COLLATION_CONNECTION=@OLD_COLLATION_CONNECTION */;
